,Bone,«Ü?«óÙ£,«Ü?«óÙ£(çÈ),?û¡Í­öµ,Úª×âý­(0/1),êÈöÇ_x,êÈöÇ_y,êÈöÇ_z,üÞ?(0/1),ì¹ÔÑ(0/1),IK(0/1),øúãÆ(0/1),ðÃíÂ(0/1),öÑ«Ü?«óÙ£,øúãÆà»(0:«ª«Õ«»«Ã«È/1:«Ü?«ó),øúãÆà»«Ü?«óÙ£,«ª«Õ«»«Ã«È_x,«ª«Õ«»«Ã«È_y,«ª«Õ«»«Ã«È_z,«í?«««ëÜõ?(0/1),üÞ?Üõ?(0/1),ì¹ÔÑÜõ?(0/1),Üõ?áã,Üõ?öÑÙ£,õîð¤ùÚ(0/1),ð¤ùÚõî_x,ð¤ùÚõî_y,ð¤ùÚõî_z,«í?«««ëõî(0/1),«í?«««ëXõî_x,«í?«««ëXõî_y,«í?«««ëXõî_z,«í?«««ëZõî_x,«í?«««ëZõî_y,«í?«««ëZõî_z,èâÝ»öÑ(0/1),èâÝ»öÑKey,IKTargetÙ£,IKLoop,IK?êÈÊÇ[deg]
Bone,ðÃíÂñéãý,view cnt,0,0,0,0,0,1,1,0,1,1,,0,,0,0,0,0,0,0,1,,0,0,0,0,0,1,0,0,0,0,1,0,0,,0,57.29578,
Bone,îïªÆªÎöÑ,,0,0,0,0,0,1,1,0,1,1,,1,«»«ó«¿?,0,0,0,0,0,0,1,,0,0,0,0,0,1,0,0,0,0,1,0,0,,0,57.29578,
Bone,«»«ó«¿?,center,0,0,0,8.2,0,1,1,0,1,1,îïªÆªÎöÑ,1,«»«ó«¿?à»,0,0,0,0,0,0,1,,0,0,0,0,0,1,0,0,0,0,1,0,0,,0,57.29578,
Bone,«°«ë?«Ö,groove,0,0,0,8.4,0,1,1,0,1,1,«»«ó«¿?,0,,0,1.4,0,0,0,0,1,,0,0,0,0,0,1,0,0,0,0,1,0,0,,0,57.29578,
Bone,é¦,waist,0,0,0,11.58736,0.2450305,1,0,0,1,1,«°«ë?«Ö,0,,6.38E-07,0.5313286,-0.3771261,0,0,0,1,,0,0,0,0,0,1,0,0,0,0,1,0,0,,0,57.29578,
Bone,ß¾Úâãó,,0,0,0,12.28145,-0.2263783,1,0,0,1,1,é¦,1,ß¾Úâãó2,0,0,0,0,0,0,1,,0,0,0,0,0,1,0,0,0,0,1,0,0,,0,57.29578,
Bone,ß¾Úâãó2,,0,0,0,13.75653,-0.3309,1,0,0,1,1,ß¾Úâãó,1,âÏ,0,0,0,0,0,0,1,,0,0,0,0,0,1,0,0,0,0,1,0,0,,0,57.29578,
Bone,âÏ,,0,0,0,16.66712,0.3646003,1,0,0,1,1,ß¾Úâãó2,1,Ôé,0,0,0,0,0,0,1,,0,0,0,0,0,1,0,0,0,0,1,0,0,,0,57.29578,
Bone,Ôé,,0,0,0,17.19807,0.349824,1,0,0,1,1,âÏ,1,Ôéà»,0,0,0,0,0,0,1,,0,0,0,0,0,1,0,0,0,0,1,0,0,,0,57.29578,
Bone,ñ§ÙÍ,,2,0,0.3807999,18.10485,-0.1019568,1,0,0,1,1,Ôé,1,ñ§ÙÍà»,0,0,0,0,1,0,0.7,?ÙÍ,0,0,0,0,0,1,0,0,0,0,1,0,0,,0,57.29578,
Bone,éÓÙÍ,,2,0,-0.3807999,18.10485,-0.0694426,1,0,0,1,1,Ôé,1,éÓÙÍà»,0,0,0,0,1,0,0.7,?ÙÍ,0,0,0,0,0,1,0,0,0,0,1,0,0,,0,57.29578,
Bone,?ÙÍ,,0,0,0,20.06235,-0.3169474,1,0,0,1,1,Ôé,1,?ÙÍà»,0,0,0,0,0,0,1,,0,0,0,0,0,1,0,0,0,0,1,0,0,,0,57.29578,
Bone,äÑÌð,center,0,0,3.23E-08,17.9058,0.3274006,1,1,0,1,1,Ôé,0,,0,0,-1,0,0,0,1,,0,0,0,0,0,1,0,0,0,0,1,0,0,,0,57.29578,
Bone,ª¢ª´,,0,0,0,16.95804,-0.4582355,1,1,0,1,1,Ôé,0,,0,-0.19,0,0,0,0,1,,0,0,0,0,0,1,0,0,0,0,1,0,0,,0,57.29578,
Bone,ñ§Ú¶,,2,0,0.447401,18.46319,-0.7131046,1,1,0,1,1,Ôé,0,,0,-0.095,0,0,0,0,1,,0,0,0,0,0,1,0,0,0,0,1,0,0,,0,57.29578,
Bone,éÓÚ¶,,2,0,-0.447401,18.46319,-0.7131046,1,1,0,1,1,Ôé,0,,0,-0.095,0,0,0,0,1,,0,0,0,0,0,1,0,0,0,0,1,0,0,,0,57.29578,
Bone,ñ§Ú¶Ôé,,2,0,0.1525741,18.3811,-0.7131046,1,1,0,1,1,Ôé,0,,0,-0.095,0,0,0,0,1,,0,0,0,0,0,1,0,0,0,0,1,0,0,,0,57.29578,
Bone,éÓÚ¶Ôé,,2,0,-0.1525741,18.3811,-0.7131046,1,1,0,1,1,Ôé,0,,0,-0.095,0,0,0,0,1,,0,0,0,0,0,1,0,0,0,0,1,0,0,,0,57.29578,
Bone,îñ?1,,0,0,-0.08674347,18.7006,-0.9045216,1,0,0,1,1,Ôé,0,,0.2,-1,0,0,0,0,1,,0,0,0,0,0,1,0,0,0,0,1,0,0,,0,57.29578,
Bone,éÓîñ?,,0,0,-0.983609,18.43973,-0.4141316,1,0,0,1,1,Ôé,0,,0.05,-1.5,0.3,0,0,0,1,,0,0,0,0,0,1,0,0,0,0,1,0,0,,0,57.29578,
Bone,éÓîñ?1,,0,0,-0.8545808,17.82548,0.06030202,1,0,0,1,1,Ôé,0,,0.2,-1,0,0,1,1,1,éÓîñ?,0,0,0,0,0,1,0,0,0,0,1,0,0,,0,57.29578,
Bone,ñ§îñ?,,0,0,0.9176504,18.43973,-0.5114955,1,0,0,1,1,Ôé,0,,-0.05,-2,0.3,0,0,0,1,,0,0,0,0,0,1,0,0,0,0,1,0,0,,0,57.29578,
Bone,ñ§îñ?1,,0,0,0.8545808,17.82548,0.06030202,1,0,0,1,1,Ôé,0,,-0.2,-1,0,0,1,1,1,ñ§îñ?,0,0,0,0,0,1,0,0,0,0,1,0,0,,0,57.29578,
Bone,????1,,0,0,0,15.29372,-1.005369,1,0,0,1,1,ß¾Úâãó2,1,????2,0,0,0,0,0,0,1,,0,0,0,0,0,1,0,0,0,0,1,0,0,,0,57.29578,
Bone,????2,,0,0,0,14.5474,-1.193777,1,0,0,1,1,????1,1,????3,0,0,0,0,0,0,1,,0,0,0,0,0,1,0,0,0,0,1,0,0,,0,57.29578,
Bone,????3,,0,0,0,13.74198,-1.33284,1,0,0,1,1,????2,1,????4,0,0,0,0,0,0,1,,0,0,0,0,0,1,0,0,0,0,1,0,0,,0,57.29578,
Bone,????4,,0,0,0,12.88111,-1.506515,1,0,0,1,1,????3,0,,0,-1,-0.3,0,0,0,1,,0,0,0,0,0,1,0,0,0,0,1,0,0,,0,57.29578,
Bone,ñ§r,,0,0,0.5528857,15.07088,-0.5820142,1,0,0,1,1,ß¾Úâãó2,1,ñ§rà»,0,0,0,0,0,0,1,,0,0,0,0,0,1,0,0,0,0,1,0,0,,0,57.29578,
Bone,ñ§rà»,,0,0,0.7723171,15.12321,-0.9305685,0,0,0,0,1,ñ§r,0,,0,0,0,0,0,0,1,,0,0,0,0,0,1,0,0,0,0,1,0,0,,0,57.29578,
Bone,éÓr,,0,0,-0.5528857,15.07088,-0.5820142,1,0,0,1,1,ß¾Úâãó2,1,éÓrà»,0,0,0,0,0,0,1,,0,0,0,0,0,1,0,0,0,0,1,0,0,,0,57.29578,
Bone,éÓrà»,,0,0,-0.7723171,15.12321,-0.9305685,0,0,0,0,1,éÓr,0,,0,0,0,0,0,0,1,,0,0,0,0,0,1,0,0,0,0,1,0,0,,0,57.29578,
Bone,ù»Úâãó,,0,0,7.97E-07,12.25152,-0.2263772,1,0,0,1,1,é¦,1,ù»Úâãóà»,0,0,0,0,0,0,1,,0,0,0,0,0,1,0,0,0,0,1,0,0,,0,57.29578,
Bone,ñ§Ì·P,shoulderP_L,0,0,0.3388936,16.19104,0.4044576,1,0,0,1,1,ß¾Úâãó2,0,,0,0,0,0,0,0,1,,0,0,0,0,0,1,0,0,0,0,1,0,0,,0,57.29578,
Bone,ñ§Ì·,,0,0,0.3388936,16.19104,0.4044576,1,0,0,1,1,ñ§Ì·P,1,ñ§èÓ,0,0,0,0,0,0,1,,0,0,0,0,0,1,0,0,0,0,1,0,0,,0,57.29578,
Bone,ñ§Ì·C,,0,0,1.160396,15.8991,0.3763505,1,0,0,0,1,ñ§Ì·,0,,0,0,0,0,1,0,-1,ñ§Ì·P,0,0,0,0,0,1,0,0,0,0,1,0,0,,0,57.29578,
Bone,éÓÌ·P,shoulderP_R,0,0,-0.3388936,16.19104,0.4044576,1,0,0,1,1,ß¾Úâãó2,0,,0,0,0,0,0,0,1,,0,0,0,0,0,1,0,0,0,0,1,0,0,,0,57.29578,
Bone,éÓÌ·,,0,0,-0.3388936,16.19104,0.4044576,1,0,0,1,1,éÓÌ·P,1,éÓèÓ,0,0,0,0,0,0,1,,0,0,0,0,0,1,0,0,0,0,1,0,0,,0,57.29578,
Bone,éÓÌ·C,,0,0,-1.160396,15.8991,0.3763505,1,0,0,0,1,éÓÌ·,0,,0,0,0,0,1,0,-1,éÓÌ·P,0,0,0,0,0,1,0,0,0,0,1,0,0,,0,57.29578,
Bone,ñ§èÓ,,0,0,1.160396,15.8991,0.3763505,1,0,0,1,1,ñ§Ì·C,1,ñ§ªÒª¸,0,0,0,0,0,0,1,,0,0,0,0,0,1,0,0,0,0,1,0,0,,0,57.29578,
Bone,ñ§èÓ?,arm twist_L,0,0,2.345956,14.90219,0.3825529,1,0,0,1,1,ñ§èÓ,0,,0,0,0,0,0,0,1,,1,0.7653676,-0.643581,0.004004086,0,1,0,0,0,0,1,0,0,,0,57.29578,
Bone,ñ§èÓ?1,,0,0,1.792695,15.36741,0.3796584,1,0,0,0,1,ñ§èÓ,0,,0,0,0,0,1,0,0.25,ñ§èÓ?,0,0,0,0,0,1,0,0,0,0,1,0,0,,0,57.29578,
Bone,ñ§èÓ?2,,0,0,2.187881,15.03511,0.3817259,1,0,0,0,1,ñ§èÓ,0,,0,0,0,0,1,0,0.5,ñ§èÓ?,0,0,0,0,0,1,0,0,0,0,1,0,0,,0,57.29578,
Bone,ñ§èÓ?3,,0,0,2.583068,14.70281,0.3837933,1,0,0,0,1,ñ§èÓ,0,,0,0,0,0,1,0,0.75,ñ§èÓ?,0,0,0,0,0,1,0,0,0,0,1,0,0,,0,57.29578,
Bone,éÓèÓ,,0,0,-1.160396,15.8991,0.3763505,1,0,0,1,1,éÓÌ·C,1,éÓªÒª¸,0,0,0,0,0,0,1,,0,0,0,0,0,1,0,0,0,0,1,0,0,,0,57.29578,
Bone,éÓèÓ?,arm twist_R,0,0,-2.345956,14.90219,0.3829409,1,0,0,1,1,éÓèÓ,0,,0,0,0,0,0,0,1,,1,-0.7653668,-0.6435803,0.004254594,0,1,0,0,0,0,1,0,0,,0,57.29578,
Bone,éÓèÓ?1,,0,0,-1.792695,15.36741,0.3798653,1,0,0,0,1,éÓèÓ,0,,0,0,0,0,1,0,0.25,éÓèÓ?,0,0,0,0,0,1,0,0,0,0,1,0,0,,0,57.29578,
Bone,éÓèÓ?2,,0,0,-2.187881,15.03511,0.3820621,1,0,0,0,1,éÓèÓ,0,,0,0,0,0,1,0,0.5,éÓèÓ?,0,0,0,0,0,1,0,0,0,0,1,0,0,,0,57.29578,
Bone,éÓèÓ?3,,0,0,-2.583068,14.70281,0.3842589,1,0,0,0,1,éÓèÓ,0,,0,0,0,0,1,0,0.75,éÓèÓ?,0,0,0,0,0,1,0,0,0,0,1,0,0,,0,57.29578,
Bone,ñ§ªÒª¸,,0,0,3.136329,14.23758,0.3642927,1,0,0,1,1,ñ§èÓ?,1,ñ§â¢âÏ,0,0,0,0,0,0,1,,0,0,0,0,0,1,0,0,0,0,1,0,0,,0,57.29578,
Bone,ñ§â¢?,wrist twist_L,0,0,4.201095,13.39715,0.3424723,1,0,0,1,1,ñ§ªÒª¸,0,,0,0,0,0,0,0,1,,1,0.7848442,-0.6194843,-0.01608394,0,1,0,0,0,0,1,0,0,,0,57.29578,
Bone,ñ§â¢?1,,0,0,3.704204,13.78935,0.3526552,1,0,0,0,1,ñ§ªÒª¸,0,,0,0,0,0,1,0,0.25,ñ§â¢?,0,0,0,0,0,1,0,0,0,0,1,0,0,,0,57.29578,
Bone,ñ§â¢?2,,0,0,4.059126,13.50921,0.3453817,1,0,0,0,1,ñ§ªÒª¸,0,,0,0,0,0,1,0,0.5,ñ§â¢?,0,0,0,0,0,1,0,0,0,0,1,0,0,,0,57.29578,
Bone,ñ§â¢?3,,0,0,4.414048,13.22907,0.3381082,1,0,0,0,1,ñ§ªÒª¸,0,,0,0,0,0,1,0,0.75,ñ§â¢?,0,0,0,0,0,1,0,0,0,0,1,0,0,,0,57.29578,
Bone,éÓªÒª¸,,0,0,-3.136329,14.23758,0.3642927,1,0,0,1,1,éÓèÓ?,1,éÓâ¢âÏ,0,0,0,0,0,0,1,,0,0,0,0,0,1,0,0,0,0,1,0,0,,0,57.29578,
Bone,éÓâ¢?,wrist twist_R,0,0,-4.201095,13.39715,0.3424723,1,0,0,1,1,éÓªÒª¸,0,,0,0,0,0,0,0,1,,1,-0.7848442,-0.6194843,-0.01608394,0,1,0,0,0,0,1,0,0,,0,57.29578,
Bone,éÓâ¢?1,,0,0,-3.704204,13.78935,0.3526552,1,0,0,0,1,éÓªÒª¸,0,,0,0,0,0,1,0,0.25,éÓâ¢?,0,0,0,0,0,1,0,0,0,0,1,0,0,,0,57.29578,
Bone,éÓâ¢?2,,0,0,-4.059126,13.50921,0.3453817,1,0,0,0,1,éÓªÒª¸,0,,0,0,0,0,1,0,0.5,éÓâ¢?,0,0,0,0,0,1,0,0,0,0,1,0,0,,0,57.29578,
Bone,éÓâ¢?3,,0,0,-4.414048,13.22907,0.3381082,1,0,0,0,1,éÓªÒª¸,0,,0,0,0,0,1,0,0.75,éÓâ¢?,0,0,0,0,0,1,0,0,0,0,1,0,0,,0,57.29578,
Bone,ñ§â¢âÏ,,0,0,4.910939,12.83687,0.3279254,1,0,0,1,1,ñ§â¢?,1,ñ§â¢à»,0,0,0,0,0,0,1,,0,0,0,0,0,1,0,0,0,0,1,0,0,,0,57.29578,
Bone,ñ§«À«ß?,dummy_L,0,0,5.127193,12.34459,0.3279254,1,1,0,1,1,ñ§â¢âÏ,0,,-0.748281,-0.9381235,0,0,0,0,1,,0,0,0,0,0,1,0,0,0,0,1,0,0,,0,57.29578,
Bone,éÓâ¢âÏ,,0,0,-4.910939,12.83687,0.3279254,1,0,0,1,1,éÓâ¢?,1,éÓâ¢à»,0,0,0,0,0,0,1,,0,0,0,0,0,1,0,0,0,0,1,0,0,,0,57.29578,
Bone,éÓ«À«ß?,dummy_R,0,0,-5.127193,12.34459,0.3279254,1,1,0,1,1,éÓâ¢âÏ,0,,0.748281,-0.9381235,0,0,0,0,1,,0,0,0,0,0,1,0,0,0,0,1,0,0,,0,57.29578,
Bone,ñ§öÑò¦£°,,0,0,5.039637,12.54373,0.09445013,1,1,0,1,1,ñ§â¢âÏ,1,ñ§öÑò¦£±,0,0,0,0,0,0,1,,0,0,0,0,1,0.4759671,-0.6956896,-0.5380254,-0.7933936,-0.07571122,-0.6039822,0,0,,0,57.29578,
Bone,ñ§öÑò¦£±,,0,0,5.221858,12.27739,-0.1115294,1,0,0,1,1,ñ§öÑò¦£°,1,ñ§öÑò¦£²,0,0,0,0,0,0,1,,0,0,0,0,1,0.4752421,-0.7570326,-0.4483822,-0.8756779,-0.4565588,-0.1572968,0,0,,0,57.29578,
Bone,ñ§öÑò¦£²,,0,0,5.368925,12.04312,-0.2502845,1,0,0,1,1,ñ§öÑò¦£±,1,ñ§öÑò¦£²à»,0,0,0,0,0,0,1,,0,0,0,0,1,0.4401193,-0.7106774,-0.5488467,-0.8857068,-0.4441361,-0.1351546,0,0,,0,57.29578,
Bone,ñ§ñéò¦£±,,0,0,5.655231,12.24319,0.2264887,1,0,0,1,1,ñ§â¢âÏ,1,ñ§ñéò¦£²,0,0,0,0,0,0,1,,0,0,0,0,0,1,0,0,0,0,1,0,0,,0,57.29578,
Bone,ñ§ñéò¦£²,,0,0,5.885168,11.97502,0.2163679,1,0,0,1,1,ñ§ñéò¦£±,1,ñ§ñéò¦£³,0,0,0,0,0,0,1,,0,0,0,0,0,1,0,0,0,0,1,0,0,,0,57.29578,
Bone,ñ§ñéò¦£³,,0,0,6.035996,11.74939,0.213856,1,0,0,1,1,ñ§ñéò¦£²,1,ñ§ñéò¦£³à»,0,0,0,0,0,0,1,,0,0,0,0,1,0.5205013,-0.8535322,-0.0236905,0.0123399,-0.02022293,0.9997193,0,0,,0,57.29578,
Bone,ñ§á³ò¦£±,,0,0,5.536742,12.2325,0.6025918,1,0,0,1,1,ñ§â¢âÏ,1,ñ§á³ò¦£²,0,0,0,0,0,0,1,,0,0,0,0,0,1,0,0,0,0,1,0,0,,0,57.29578,
Bone,ñ§á³ò¦£²,,0,0,5.763514,12.01291,0.5819648,1,0,0,1,1,ñ§á³ò¦£±,1,ñ§á³ò¦£³,0,0,0,0,0,0,1,,0,0,0,0,0,1,0,0,0,0,1,0,0,,0,57.29578,
Bone,ñ§á³ò¦£³,,0,0,5.870353,11.86356,0.5635589,1,0,0,1,1,ñ§á³ò¦£²,1,ñ§á³ò¦£³à»,0,0,0,0,0,0,1,,0,0,0,0,1,0.5024128,-0.8602926,-0.0864755,0.0436115,-0.07467294,0.996254,0,0,,0,57.29578,
Bone,ñ§ìÑò¦£±,,0,0,5.615787,12.19971,0.0483171,1,0,0,1,1,ñ§â¢âÏ,1,ñ§ìÑò¦£²,0,0,0,0,0,0,1,,0,0,0,0,0,1,0,0,0,0,1,0,0,,0,57.29578,
Bone,ñ§ìÑò¦£²,,0,0,5.834847,11.96129,0.04451418,1,0,0,1,1,ñ§ìÑò¦£±,1,ñ§ìÑò¦£³,0,0,0,0,0,0,1,,0,0,0,0,0,1,0,0,0,0,1,0,0,,0,57.29578,
Bone,ñ§ìÑò¦£³,,0,0,5.949007,11.80503,0.04318806,1,0,0,1,1,ñ§ìÑò¦£²,1,ñ§ìÑò¦£³à»,0,0,0,0,0,0,1,,0,0,0,0,1,0.5965938,-0.8024775,-0.01028054,0.006142899,-0.008243453,0.9999471,0,0,,0,57.29578,
Bone,ñ§?ò¦£±,,0,0,5.632626,12.233,0.4088953,1,0,0,1,1,ñ§â¢âÏ,1,ñ§?ò¦£²,0,0,0,0,0,0,1,,0,0,0,0,0,1,0,0,0,0,1,0,0,,0,57.29578,
Bone,ñ§?ò¦£²,,0,0,5.85461,11.99713,0.3993691,1,0,0,1,1,ñ§?ò¦£±,1,ñ§?ò¦£³,0,0,0,0,0,0,1,,0,0,0,0,0,1,0,0,0,0,1,0,0,,0,57.29578,
Bone,ñ§?ò¦£³,,0,0,6.009051,11.78955,0.3904388,1,0,0,1,1,ñ§?ò¦£²,1,ñ§?ò¦£³à»,0,0,0,0,0,0,1,,0,0,0,0,1,0.5198873,-0.8532263,-0.04149918,0.02159432,-0.03543821,0.9991385,0,0,,0,57.29578,
Bone,éÓöÑò¦£°,,0,0,-5.039637,12.54373,0.09445013,1,1,0,1,1,éÓâ¢âÏ,1,éÓöÑò¦£±,0,0,0,0,0,0,1,,0,0,0,0,1,-0.4759671,-0.6956896,-0.5380254,0.7933936,-0.07571122,-0.6039822,0,0,,0,57.29578,
Bone,éÓöÑò¦£±,,0,0,-5.221858,12.27739,-0.1115294,1,0,0,1,1,éÓöÑò¦£°,1,éÓöÑò¦£²,0,0,0,0,0,0,1,,0,0,0,0,1,-0.4752421,-0.7570326,-0.4483822,0.8756779,-0.4565588,-0.1572968,0,0,,0,57.29578,
Bone,éÓöÑò¦£²,,0,0,-5.368925,12.04312,-0.2502845,1,0,0,1,1,éÓöÑò¦£±,1,éÓöÑò¦£²à»,0,0,0,0,0,0,1,,0,0,0,0,1,-0.4401193,-0.7106774,-0.5488467,0.8857068,-0.4441361,-0.1351546,0,0,,0,57.29578,
Bone,éÓñéò¦£±,,0,0,-5.655231,12.24319,0.2264887,1,0,0,1,1,éÓâ¢âÏ,1,éÓñéò¦£²,0,0,0,0,0,0,1,,0,0,0,0,0,1,0,0,0,0,1,0,0,,0,57.29578,
Bone,éÓñéò¦£²,,0,0,-5.885168,11.97502,0.2163679,1,0,0,1,1,éÓñéò¦£±,1,éÓñéò¦£³,0,0,0,0,0,0,1,,0,0,0,0,0,1,0,0,0,0,1,0,0,,0,57.29578,
Bone,éÓñéò¦£³,,0,0,-6.035996,11.74939,0.213856,1,0,0,1,1,éÓñéò¦£²,1,éÓñéò¦£³à»,0,0,0,0,0,0,1,,0,0,0,0,1,-0.5205012,-0.8535322,-0.02369051,-0.01233226,-0.0202276,0.9997194,0,0,,0,57.29578,
Bone,éÓá³ò¦£±,,0,0,-5.536742,12.2325,0.6025918,1,0,0,1,1,éÓâ¢âÏ,1,éÓá³ò¦£²,0,0,0,0,0,0,1,,0,0,0,0,0,1,0,0,0,0,1,0,0,,0,57.29578,
Bone,éÓá³ò¦£²,,0,0,-5.763514,12.01291,0.5819648,1,0,0,1,1,éÓá³ò¦£±,1,éÓá³ò¦£³,0,0,0,0,0,0,1,,0,0,0,0,0,1,0,0,0,0,1,0,0,,0,57.29578,
Bone,éÓá³ò¦£³,,0,0,-5.870353,11.86356,0.5635589,1,0,0,1,1,éÓá³ò¦£²,1,éÓá³ò¦£³à»,0,0,0,0,0,0,1,,0,0,0,0,1,-0.5024127,-0.8602926,-0.08647548,-0.04360989,-0.07467388,0.996254,0,0,,0,57.29578,
Bone,éÓìÑò¦£±,,0,0,-5.615787,12.19971,0.0483171,1,0,0,1,1,éÓâ¢âÏ,1,éÓìÑò¦£²,0,0,0,0,0,0,1,,0,0,0,0,0,1,0,0,0,0,1,0,0,,0,57.29578,
Bone,éÓìÑò¦£²,,0,0,-5.834847,11.96129,0.04451418,1,0,0,1,1,éÓìÑò¦£±,1,éÓìÑò¦£³,0,0,0,0,0,0,1,,0,0,0,0,0,1,0,0,0,0,1,0,0,,0,57.29578,
Bone,éÓìÑò¦£³,,0,0,-5.949007,11.80503,0.04318806,1,0,0,1,1,éÓìÑò¦£²,1,éÓìÑò¦£³à»,0,0,0,0,0,0,1,,0,0,0,0,1,-0.5965937,-0.8024776,-0.01028054,-0.00613109,-0.008252231,0.9999471,0,0,,0,57.29578,
Bone,éÓ?ò¦£±,,0,0,-5.632626,12.233,0.4088953,1,0,0,1,1,éÓâ¢âÏ,1,éÓ?ò¦£²,0,0,0,0,0,0,1,,0,0,0,0,0,1,0,0,0,0,1,0,0,,0,57.29578,
Bone,éÓ?ò¦£²,,0,0,-5.85461,11.99713,0.3993691,1,0,0,1,1,éÓ?ò¦£±,1,éÓ?ò¦£³,0,0,0,0,0,0,1,,0,0,0,0,0,1,0,0,0,0,1,0,0,,0,57.29578,
Bone,éÓ?ò¦£³,,0,0,-6.009051,11.78955,0.3904388,1,0,0,1,1,éÓ?ò¦£²,1,éÓ?ò¦£³à»,0,0,0,0,0,0,1,,0,0,0,0,1,-0.5198874,-0.8532261,-0.04149918,-0.02159362,-0.03543864,0.9991385,0,0,,0,57.29578,
Bone,éÓâÀ,center,0,0,-3.945414,13.53884,0.3650396,1,1,0,1,1,éÓªÒª¸,0,,-1.2,-0.95,0,0,1,1,0.2,éÓâ¢âÏ,0,0,0,0,0,1,0,0,0,0,1,0,0,,0,57.29578,
Bone,ñ§âÀ,center,0,0,3.945414,13.53884,0.3650396,1,1,0,1,1,ñ§ªÒª¸,0,,1.2,-0.95,0,0,1,0,0.2,ñ§â¢âÏ,0,0,0,0,0,1,0,0,0,0,1,0,0,,0,57.29578,
Bone,é¦«­«ã«ó«»«ëñ§,,0,0,1.005733,11.14459,0.1749623,1,0,0,0,1,ù»Úâãó,0,,0,0,0,0,1,0,-1,é¦,0,0,0,0,0,1,0,0,0,0,1,0,0,,0,57.29578,
Bone,ñ§ðë,,0,0,1.005733,11.14459,0.1749623,1,0,0,1,1,é¦«­«ã«ó«»«ëñ§,1,ñ§ªÒª¶,0,0,0,0,0,0,1,,0,0,0,0,0,1,0,0,0,0,1,0,0,,0,57.29578,
Bone,é¦«­«ã«ó«»«ëéÓ,,0,0,-1.005733,11.14459,0.1749623,1,0,0,0,1,ù»Úâãó,0,,0,0,0,0,1,0,-1,é¦,0,0,0,0,0,1,0,0,0,0,1,0,0,,0,57.29578,
Bone,éÓðë,,0,0,-1.005733,11.14459,0.1749623,1,0,0,1,1,é¦«­«ã«ó«»«ëéÓ,1,éÓªÒª¶,0,0,0,0,0,0,1,,0,0,0,0,0,1,0,0,0,0,1,0,0,,0,57.29578,
Bone,ñ§ªÒª¶,,0,0,0.8786164,5.910791,0.1819153,1,0,0,1,1,ñ§ðë,1,ñ§ðëâÏ,0,0,0,0,0,0,1,,0,0,0,0,0,1,0,0,0,0,1,0,0,,0,57.29578,
Bone,éÓªÒª¶,,0,0,-0.8786164,5.910791,0.1819153,1,0,0,1,1,éÓðë,1,éÓðëâÏ,0,0,0,0,0,0,1,,0,0,0,0,0,1,0,0,0,0,1,0,0,,0,57.29578,
Bone,ñ§ðëâÏ,,0,0,0.998152,0.9743307,0.8173994,1,0,0,1,1,ñ§ªÒª¶,1,ñ§ªÄªÞà»,0,0,0,0,0,0,1,,0,0,0,0,0,1,0,0,0,0,1,0,0,,0,57.29578,
Bone,éÓðëâÏ,,0,0,-0.998152,0.9743307,0.8173994,1,0,0,1,1,éÓªÒª¶,1,éÓªÄªÞà»,0,0,0,0,0,0,1,,0,0,0,0,0,1,0,0,0,0,1,0,0,,0,57.29578,
Bone,ñ§ªÄªÞà»,,0,0,0.9981432,0.01437633,-1.371381,1,0,0,0,1,ñ§ðëâÏ,1,,0,0,0,0,0,0,1,,0,0,0,0,0,1,0,0,0,0,1,0,0,,0,57.29578,
Bone,éÓªÄªÞà»,,0,0,-0.9981432,0.01437633,-1.371381,1,0,0,0,1,éÓðëâÏ,1,,0,0,0,0,0,0,1,,0,0,0,0,0,1,0,0,0,0,1,0,0,,0,57.29578,
Bone,ñ§ðëIKöÑ,leg IKP_L,0,0,0.998143,0,0.8180784,1,1,0,1,1,îïªÆªÎöÑ,1,ñ§ðë£É£Ë,0,0,0,0,0,0,1,,0,0,0,0,0,1,0,0,0,0,1,0,0,,0,57.29578,
Bone,ñ§ðë£É£Ë,,1,0,0.998143,0.96219,0.8180784,1,1,1,1,1,ñ§ðëIKöÑ,1,ñ§ðë£É£Ëà»,0,0,0,0,0,0,1,,0,0,0,0,0,1,0,0,0,0,1,0,0,ñ§ðëâÏ,40,114.5916,
,IKLink,öÑ«Ü?«óÙ£,Link«Ü?«óÙ£,ÊÇÓøð¤ùÚ(0/1),XL[deg],XH[deg],YL[deg],YH[deg],ZL[deg],ZH[deg],,,,,,,,,,,,,,,,,,,,,,,,,,,,,,
IKLink,ñ§ðë£É£Ë,ñ§ªÒª¶,1,-180,-0.5,0,0,0,0,,,,,,,,,,,,,,,,,,,,,,,,,,,,,,,
IKLink,ñ§ðë£É£Ë,ñ§ðë,0,0,0,0,0,0,0,,,,,,,,,,,,,,,,,,,,,,,,,,,,,,,
Bone,éÓðëIKöÑ,leg IKP_R,0,0,-0.998143,0,0.8180784,1,1,0,1,1,îïªÆªÎöÑ,1,éÓðë£É£Ë,0,0,0,0,0,0,1,,0,0,0,0,0,1,0,0,0,0,1,0,0,,0,57.29578,
Bone,éÓðë£É£Ë,,1,0,-0.998143,0.96219,0.8180784,1,1,1,1,1,éÓðëIKöÑ,1,éÓðë£É£Ëà»,0,0,0,0,0,0,1,,0,0,0,0,0,1,0,0,0,0,1,0,0,éÓðëâÏ,40,114.5916,
,IKLink,öÑ«Ü?«óÙ£,Link«Ü?«óÙ£,ÊÇÓøð¤ùÚ(0/1),XL[deg],XH[deg],YL[deg],YH[deg],ZL[deg],ZH[deg],,,,,,,,,,,,,,,,,,,,,,,,,,,,,,
IKLink,éÓðë£É£Ë,éÓªÒª¶,1,-180,-0.5,0,0,0,0,,,,,,,,,,,,,,,,,,,,,,,,,,,,,,,
IKLink,éÓðë£É£Ë,éÓðë,0,0,0,0,0,0,0,,,,,,,,,,,,,,,,,,,,,,,,,,,,,,,
Bone,ñ§ªÄªÞà»£É£Ë,,1,0,0.998143,0,-1.40421,1,1,1,1,1,ñ§ðë£É£Ë,1,ñ§ªÄªÞà»£É£Ëà»,0,0,0,0,0,0,1,,0,0,0,0,0,1,0,0,0,0,1,0,0,ñ§ªÄªÞà»,3,229.1831,
,IKLink,öÑ«Ü?«óÙ£,Link«Ü?«óÙ£,ÊÇÓøð¤ùÚ(0/1),XL[deg],XH[deg],YL[deg],YH[deg],ZL[deg],ZH[deg],,,,,,,,,,,,,,,,,,,,,,,,,,,,,,
IKLink,ñ§ªÄªÞà»£É£Ë,ñ§ðëâÏ,0,0,0,0,0,0,0,,,,,,,,,,,,,,,,,,,,,,,,,,,,,,,
Bone,éÓªÄªÞà»£É£Ë,,1,0,-0.998143,0,-1.40421,1,1,1,1,1,éÓðë£É£Ë,1,éÓªÄªÞà»£É£Ëà»,0,0,0,0,0,0,1,,0,0,0,0,0,1,0,0,0,0,1,0,0,éÓªÄªÞà»,3,229.1831,
,IKLink,öÑ«Ü?«óÙ£,Link«Ü?«óÙ£,ÊÇÓøð¤ùÚ(0/1),XL[deg],XH[deg],YL[deg],YH[deg],ZL[deg],ZH[deg],,,,,,,,,,,,,,,,,,,,,,,,,,,,,,
IKLink,éÓªÄªÞà»£É£Ë,éÓðëâÏ,0,0,0,0,0,0,0,,,,,,,,,,,,,,,,,,,,,,,,,,,,,,,
Bone,àß0,,0,0,0,17.30424,-0.05254838,1,1,0,1,1,Ôé,1,àß1,0,0,0,0,0,0,1,,0,0,0,0,0,1,0,0,0,0,1,0,0,,0,57.29578,
Bone,àß1,,0,0,0,17.31392,-0.2882819,1,1,0,1,1,àß0,1,àß2,0,0,0,0,0,0,1,,0,0,0,0,0,1,0,0,0,0,1,0,0,,0,57.29578,
Bone,àß2,,0,0,0,17.31308,-0.4188667,1,1,0,1,1,àß1,0,,0,-0.0475,-0.095,0,0,0,1,,0,0,0,0,0,1,0,0,0,0,1,0,0,,0,57.29578,
Bone,ß¾?,,0,0,0,17.40641,-0.1112442,1,1,0,1,1,Ôé,0,,0,-0.05,-0.5,0,0,0,1,,0,0,0,0,0,1,0,0,0,0,1,0,0,,0,57.29578,
Bone,Ôéà»,,0,0,0,19.15563,0.3008863,1,0,0,0,1,Ôé,1,,0,0,0,0,0,0,1,,0,0,0,0,0,1,0,0,0,0,1,0,0,,0,57.29578,
Bone,éÓÙÍà»,,2,0,-0.5297384,17.98734,-0.496976,1,0,0,0,1,éÓÙÍ,1,,0,0,0,0,0,0,1,,0,0,0,0,0,1,0,0,0,0,1,0,0,,0,57.29578,
Bone,ñ§ÙÍà»,,2,0,0.5297384,17.98734,-0.496976,1,0,0,0,1,ñ§ÙÍ,1,,0,0,0,0,0,0,1,,0,0,0,0,0,1,0,0,0,0,1,0,0,,0,57.29578,
Bone,?ÙÍà»,,0,0,0,20.05084,-1.265909,1,0,0,0,1,?ÙÍ,1,,0,0,0,0,0,0,1,,0,0,0,0,0,1,0,0,0,0,1,0,0,,0,57.29578,
Bone,ñ§â¢à»,,0,0,5.508192,12.3195,0.3145684,1,0,0,0,1,ñ§â¢âÏ,1,,0,0,0,0,0,0,1,,0,0,0,0,0,1,0,0,0,0,1,0,0,,0,57.29578,
Bone,éÓâ¢à»,,0,0,-5.508192,12.3195,0.3145684,1,0,0,0,1,éÓâ¢âÏ,1,,0,0,0,0,0,0,1,,0,0,0,0,0,1,0,0,0,0,1,0,0,,0,57.29578,
Bone,ñ§öÑò¦£²à»,,0,0,5.469572,11.8806,-0.3757954,1,0,0,0,1,ñ§öÑò¦£²,1,,0,0,0,0,0,0,1,,0,0,0,0,0,1,0,0,0,0,1,0,0,,0,57.29578,
Bone,ñ§ñéò¦£³à»,,0,0,6.174475,11.52231,0.2075531,1,0,0,0,1,ñ§ñéò¦£³,1,,0,0,0,0,0,0,1,,0,0,0,0,0,1,0,0,0,0,1,0,0,,0,57.29578,
Bone,ñ§á³ò¦£³à»,,0,0,5.981938,11.67249,0.5443527,1,0,0,0,1,ñ§á³ò¦£³,1,,0,0,0,0,0,0,1,,0,0,0,0,0,1,0,0,0,0,1,0,0,,0,57.29578,
Bone,ñ§ìÑò¦£³à»,,0,0,6.094989,11.60867,0.04067248,1,0,0,0,1,ñ§ìÑò¦£³,1,,0,0,0,0,0,0,1,,0,0,0,0,0,1,0,0,0,0,1,0,0,,0,57.29578,
Bone,ñ§?ò¦£³à»,,0,0,6.145568,11.5655,0.3795415,1,0,0,0,1,ñ§?ò¦£³,1,,0,0,0,0,0,0,1,,0,0,0,0,0,1,0,0,0,0,1,0,0,,0,57.29578,
Bone,éÓöÑò¦£²à»,,0,0,-5.469572,11.8806,-0.3757954,1,0,0,0,1,éÓöÑò¦£²,1,,0,0,0,0,0,0,1,,0,0,0,0,0,1,0,0,0,0,1,0,0,,0,57.29578,
Bone,éÓñéò¦£³à»,,0,0,-6.174475,11.52231,0.2075531,1,0,0,0,1,éÓñéò¦£³,1,,0,0,0,0,0,0,1,,0,0,0,0,0,1,0,0,0,0,1,0,0,,0,57.29578,
Bone,éÓá³ò¦£³à»,,0,0,-5.981938,11.67249,0.5443527,1,0,0,0,1,éÓá³ò¦£³,1,,0,0,0,0,0,0,1,,0,0,0,0,0,1,0,0,0,0,1,0,0,,0,57.29578,
Bone,éÓìÑò¦£³à»,,0,0,-6.094989,11.60867,0.04067248,1,0,0,0,1,éÓìÑò¦£³,1,,0,0,0,0,0,0,1,,0,0,0,0,0,1,0,0,0,0,1,0,0,,0,57.29578,
Bone,éÓ?ò¦£³à»,,0,0,-6.145568,11.5655,0.3795415,1,0,0,0,1,éÓ?ò¦£³,1,,0,0,0,0,0,0,1,,0,0,0,0,0,1,0,0,0,0,1,0,0,,0,57.29578,
Bone,ù»Úâãóà»,,0,0,0,11.18471,0.100873,1,0,0,0,1,ù»Úâãó,1,,0,0,0,0,0,0,1,,0,0,0,0,0,1,0,0,0,0,1,0,0,,0,57.29578,
Bone,ñ§ªÄªÞà»£É£Ëà»,,1,0,0.998143,-0.7947415,-1.40421,1,0,0,0,1,ñ§ªÄªÞà»£É£Ë,1,,0,0,0,0,0,0,1,,0,0,0,0,0,1,0,0,0,0,1,0,0,,0,57.29578,
Bone,éÓªÄªÞà»£É£Ëà»,,1,0,-0.998143,-0.7947415,-1.40421,1,0,0,0,1,éÓªÄªÞà»£É£Ë,1,,0,0,0,0,0,0,1,,0,0,0,0,0,1,0,0,0,0,1,0,0,,0,57.29578,
Bone,ñ§ðë£É£Ëà»,,1,0,0.998143,1.041038,1.775916,1,0,0,0,1,ñ§ðë£É£Ë,1,,0,0,0,0,0,0,1,,0,0,0,0,0,1,0,0,0,0,1,0,0,,0,57.29578,
Bone,éÓðë£É£Ëà»,,1,0,-0.998143,1.041038,1.775916,1,0,0,0,1,éÓðë£É£Ë,1,,0,0,0,0,0,0,1,,0,0,0,0,0,1,0,0,0,0,1,0,0,,0,57.29578,
Bone,«»«ó«¿?à»,,0,0,0,0,0,1,0,0,0,1,îïªÆªÎöÑ,1,«»«ó«¿?,0,0,0,0,0,0,1,,0,0,0,0,0,1,0,0,0,0,1,0,0,,0,57.29578,
Bone,éÓhair1_0_0,center,0,0,-0.7524089,19.12385,1.164158,1,1,0,1,1,Ôé,1,éÓhair1_0_1,0,0,0,0,0,0,1,,0,0,0,0,0,1,0,0,0,0,1,0,0,,0,57.29578,
Bone,éÓhair1_0_1,Skirt_0_1,0,0,-1.26087,18.88996,1.217392,1,0,0,1,1,éÓhair1_0_0,1,éÓhair1_1_1,0,0,0,0,0,0,1,,0,0,0,0,0,1,0,0,0,0,1,0,0,,0,57.29578,
Bone,éÓhair1_1_1,Skirt_1_1,0,0,-1.432571,17.68586,1.37559,1,0,0,1,1,éÓhair1_0_1,1,éÓhair1_2_1,0,0,0,0,0,0,1,,0,0,0,0,0,1,0,0,0,0,1,0,0,,0,57.29578,
Bone,éÓhair1_2_1,Skirt_2_1,0,0,-1.557983,16.77131,1.562672,1,0,0,1,1,éÓhair1_1_1,1,éÓhair1_3_1,0,0,0,0,0,0,1,,0,0,0,0,0,1,0,0,0,0,1,0,0,,0,57.29578,
Bone,éÓhair1_3_1,Skirt_3_1,0,0,-1.718439,15.87824,1.80866,1,0,0,1,1,éÓhair1_2_1,1,éÓhair1_4_1,0,0,0,0,0,0,1,,0,0,0,0,0,1,0,0,0,0,1,0,0,,0,57.29578,
Bone,éÓhair1_4_1,Skirt_4_1,0,0,-2.005416,14.88313,2.101543,1,0,0,1,1,éÓhair1_3_1,1,éÓhair1_5_1,0,0,0,0,0,0,1,,0,0,0,0,0,1,0,0,0,0,1,0,0,,0,57.29578,
Bone,éÓhair1_5_1,Skirt_5_1,0,0,-2.27126,14.03987,2.368445,1,0,0,1,1,éÓhair1_4_1,1,éÓhair1_6_1,0,0,0,0,0,0,1,,0,0,0,0,0,1,0,0,0,0,1,0,0,,0,57.29578,
Bone,éÓhair1_6_1,Skirt_6_1,0,0,-2.542234,13.24983,2.665472,1,0,0,1,1,éÓhair1_5_1,1,éÓhair1_7_1,0,0,0,0,0,0,1,,0,0,0,0,0,1,0,0,0,0,1,0,0,,0,57.29578,
Bone,éÓhair1_7_1,Skirt_7_1,0,0,-2.824304,12.44172,2.999457,1,0,0,1,1,éÓhair1_6_1,1,éÓhair1_8_1,0,0,0,0,0,0,1,,0,0,0,0,0,1,0,0,0,0,1,0,0,,0,57.29578,
Bone,éÓhair1_8_1,Skirt_8_1,0,0,-3.050978,11.71321,3.3381,1,0,0,1,1,éÓhair1_7_1,1,éÓhair1_9_1,0,0,0,0,0,0,1,,0,0,0,0,0,1,0,0,0,0,1,0,0,,0,57.29578,
Bone,éÓhair1_9_1,Skirt_9_1,0,0,-3.258661,10.95979,3.65925,1,0,0,1,1,éÓhair1_8_1,1,éÓhair1_10_1,0,0,0,0,0,0,1,,0,0,0,0,0,1,0,0,0,0,1,0,0,,0,57.29578,
Bone,éÓhair1_10_1,Skirt_10_1,0,0,-3.422888,10.18489,4.004519,1,0,0,1,1,éÓhair1_9_1,1,éÓhair1_11_1,0,0,0,0,0,0,1,,0,0,0,0,0,1,0,0,0,0,1,0,0,,0,57.29578,
Bone,éÓhair1_11_1,Skirt_11_1,0,0,-3.533686,9.493967,4.285089,1,0,0,1,1,éÓhair1_10_1,1,éÓhair1_12_1,0,0,0,0,0,0,1,,0,0,0,0,0,1,0,0,0,0,1,0,0,,0,57.29578,
Bone,éÓhair1_12_1,Skirt_12_1,0,0,-3.581083,8.82258,4.528079,1,0,0,1,1,éÓhair1_11_1,1,éÓhair1_13_1,0,0,0,0,0,0,1,,0,0,0,0,0,1,0,0,0,0,1,0,0,,0,57.29578,
Bone,éÓhair1_13_1,Skirt_13_1,0,0,-3.553659,8.070627,4.754817,1,0,0,1,1,éÓhair1_12_1,1,éÓhair1_14_1,0,0,0,0,0,0,1,,0,0,0,0,0,1,0,0,0,0,1,0,0,,0,57.29578,
Bone,éÓhair1_14_1,Skirt_14_1,0,0,-3.486369,7.399729,4.899672,1,0,0,1,1,éÓhair1_13_1,1,éÓhair1_15_1,0,0,0,0,0,0,1,,0,0,0,0,0,1,0,0,0,0,1,0,0,,0,57.29578,
Bone,éÓhair1_15_1,Skirt_15_1,0,0,-3.30982,6.718088,4.908603,1,0,0,1,1,éÓhair1_14_1,1,éÓhair1_16_1,0,0,0,0,0,0,1,,0,0,0,0,0,1,0,0,0,0,1,0,0,,0,57.29578,
Bone,éÓhair1_16_1,Skirt_16_1,0,0,-3.087953,6.034006,4.869603,1,0,0,1,1,éÓhair1_15_1,1,éÓhair1_17_1,0,0,0,0,0,0,1,,0,0,0,0,0,1,0,0,0,0,1,0,0,,0,57.29578,
Bone,éÓhair1_17_1,Skirt_17_1,0,0,-2.78326,5.311838,4.727183,1,0,0,1,1,éÓhair1_16_1,1,éÓhair1_18_1,0,0,0,0,0,0,1,,0,0,0,0,0,1,0,0,0,0,1,0,0,,0,57.29578,
Bone,éÓhair1_18_1,Skirt_18_1,0,0,-2.419102,4.652658,4.498323,1,0,0,1,1,éÓhair1_17_1,1,éÓhair1_19_1,0,0,0,0,0,0,1,,0,0,0,0,0,1,0,0,0,0,1,0,0,,0,57.29578,
Bone,éÓhair1_19_1,Skirt_19_1,0,0,-2.088406,4.16633,4.304348,1,0,0,0,1,éÓhair1_18_1,0,,0,0,0,0,0,0,1,,0,0,0,0,0,1,0,0,0,0,1,0,0,,0,57.29578,
Bone,éÓhair2_0_1,Skirt_0_1,0,0,-2.192753,13.9886,2.046377,1,0,0,1,1,éÓhair1_4_1,1,éÓhair2_1_1,0,0,0,0,0,0,1,,0,0,0,0,0,1,0,0,0,0,1,0,0,,0,57.29578,
Bone,éÓhair2_1_1,Skirt_1_1,0,0,-2.49254,13.16047,2.33946,1,0,0,1,1,éÓhair2_0_1,1,éÓhair2_2_1,0,0,0,0,0,0,1,,0,0,0,0,0,1,0,0,0,0,1,0,0,,0,57.29578,
Bone,éÓhair2_2_1,Skirt_2_1,0,0,-2.757396,12.32209,2.616919,1,0,0,1,1,éÓhair2_1_1,1,éÓhair2_3_1,0,0,0,0,0,0,1,,0,0,0,0,0,1,0,0,0,0,1,0,0,,0,57.29578,
Bone,éÓhair2_3_1,Skirt_3_1,0,0,-3.000054,11.48127,2.890553,1,0,0,1,1,éÓhair2_2_1,1,éÓhair2_4_1,0,0,0,0,0,0,1,,0,0,0,0,0,1,0,0,0,0,1,0,0,,0,57.29578,
Bone,éÓhair2_4_1,Skirt_4_1,0,0,-3.176724,10.64582,3.167821,1,0,0,1,1,éÓhair2_3_1,1,éÓhair2_5_1,0,0,0,0,0,0,1,,0,0,0,0,0,1,0,0,0,0,1,0,0,,0,57.29578,
Bone,éÓhair2_5_1,Skirt_5_1,0,0,-3.261011,9.867014,3.40835,1,0,0,1,1,éÓhair2_4_1,1,éÓhair2_6_1,0,0,0,0,0,0,1,,0,0,0,0,0,1,0,0,0,0,1,0,0,,0,57.29578,
Bone,éÓhair2_6_1,Skirt_6_1,0,0,-3.30043,9.12678,3.623942,1,0,0,1,1,éÓhair2_5_1,1,éÓhair2_7_1,0,0,0,0,0,0,1,,0,0,0,0,0,1,0,0,0,0,1,0,0,,0,57.29578,
Bone,éÓhair2_7_1,Skirt_7_1,0,0,-3.294671,8.422678,3.813357,1,0,0,1,1,éÓhair2_6_1,1,éÓhair2_8_1,0,0,0,0,0,0,1,,0,0,0,0,0,1,0,0,0,0,1,0,0,,0,57.29578,
Bone,éÓhair2_8_1,Skirt_8_1,0,0,-3.220234,7.682444,3.92753,1,0,0,1,1,éÓhair2_7_1,1,éÓhair2_9_1,0,0,0,0,0,0,1,,0,0,0,0,0,1,0,0,0,0,1,0,0,,0,57.29578,
Bone,éÓhair2_9_1,Skirt_9_1,0,0,-3.072464,6.823069,4.017393,1,0,0,0,1,éÓhair2_8_1,0,,0,0,0,0,0,0,1,,0,0,0,0,0,1,0,0,0,0,1,0,0,,0,57.29578,
Bone,éÓhair3_1_1,Skirt_1_1,0,0,-3.740176,11.75764,3.387621,1,0,0,1,1,éÓhair1_7_1,1,éÓhair3_2_1,0,0,0,0,0,0,1,,0,0,0,0,0,1,0,0,0,0,1,0,0,,0,57.29578,
Bone,éÓhair3_2_1,Skirt_2_1,0,0,-3.983735,10.98908,3.714995,1,0,0,1,1,éÓhair3_1_1,1,éÓhair3_3_1,0,0,0,0,0,0,1,,0,0,0,0,0,1,0,0,0,0,1,0,0,,0,57.29578,
Bone,éÓhair3_3_1,Skirt_3_1,0,0,-4.155796,10.26447,4.046088,1,0,0,1,1,éÓhair3_2_1,1,éÓhair3_4_1,0,0,0,0,0,0,1,,0,0,0,0,0,1,0,0,0,0,1,0,0,,0,57.29578,
Bone,éÓhair3_4_1,Skirt_4_1,0,0,-4.26264,9.54133,4.323258,1,0,0,1,1,éÓhair3_3_1,1,éÓhair3_5_1,0,0,0,0,0,0,1,,0,0,0,0,0,1,0,0,0,0,1,0,0,,0,57.29578,
Bone,éÓhair3_5_1,Skirt_5_1,0,0,-4.254025,8.873362,4.535172,1,0,0,1,1,éÓhair3_4_1,1,éÓhair3_6_1,0,0,0,0,0,0,1,,0,0,0,0,0,1,0,0,0,0,1,0,0,,0,57.29578,
Bone,éÓhair3_6_1,Skirt_6_1,0,0,-4.036231,8.083811,4.753482,1,0,0,0,1,éÓhair3_5_1,0,,0,0,0,0,0,0,1,,0,0,0,0,0,1,0,0,0,0,1,0,0,,0,57.29578,
Bone,éÓhair4_1_1,Skirt_1_1,0,0,-3.361609,8.901194,5.00452,1,0,0,1,1,éÓhair1_11_1,1,éÓhair4_2_1,0,0,0,0,0,0,1,,0,0,0,0,0,1,0,0,0,0,1,0,0,,0,57.29578,
Bone,éÓhair4_2_1,Skirt_2_1,0,0,-3.195118,8.140451,5.20603,1,0,0,1,1,éÓhair4_1_1,1,éÓhair4_3_1,0,0,0,0,0,0,1,,0,0,0,0,0,1,0,0,0,0,1,0,0,,0,57.29578,
Bone,éÓhair4_3_1,Skirt_3_1,0,0,-3.011863,7.368967,5.400278,1,0,0,1,1,éÓhair4_2_1,1,éÓhair4_4_1,0,0,0,0,0,0,1,,0,0,0,0,0,1,0,0,0,0,1,0,0,,0,57.29578,
Bone,éÓhair4_4_1,Skirt_4_1,0,0,-2.418381,5.810373,5.30884,1,0,0,0,1,éÓhair4_3_1,0,,0,0,0,0,0,0,1,,0,0,0,0,0,1,0,0,0,0,1,0,0,,0,57.29578,
Bone,éÓhair5_0_1,Skirt_0_1,0,0,-3.015941,9.4676,4.342031,1,0,0,1,1,éÓhair1_10_1,1,éÓhair5_1_1,0,0,0,0,0,0,1,,0,0,0,0,0,1,0,0,0,0,1,0,0,,0,57.29578,
Bone,éÓhair5_1_1,Skirt_1_1,0,0,-2.886955,8.617014,4.640152,1,0,0,1,1,éÓhair5_0_1,1,éÓhair5_2_1,0,0,0,0,0,0,1,,0,0,0,0,0,1,0,0,0,0,1,0,0,,0,57.29578,
Bone,éÓhair5_2_1,Skirt_2_1,0,0,-2.538163,7.679514,4.864199,1,0,0,1,1,éÓhair5_1_1,1,éÓhair5_3_1,0,0,0,0,0,0,1,,0,0,0,0,0,1,0,0,0,0,1,0,0,,0,57.29578,
Bone,éÓhair5_3_1,Skirt_3_1,0,0,-1.963767,6.81135,4.98261,1,0,0,0,1,éÓhair5_2_1,0,,0,0,0,0,0,0,1,,0,0,0,0,0,1,0,0,0,0,1,0,0,,0,57.29578,
Bone,ñ§hair1_0_0,center,0,0,0.7524089,19.12385,1.164158,1,1,0,1,1,Ôé,1,ñ§hair1_0_1,0,0,0,0,0,0,1,,0,0,0,0,0,1,0,0,0,0,1,0,0,,0,57.29578,
Bone,ñ§hair1_0_1,Skirt_0_1,0,0,1.26087,18.88996,1.217392,1,0,0,1,1,ñ§hair1_0_0,1,ñ§hair1_1_1,0,0,0,0,0,0,1,,0,0,0,0,0,1,0,0,0,0,1,0,0,,0,57.29578,
Bone,ñ§hair1_1_1,Skirt_1_1,0,0,1.432571,17.68586,1.37559,1,0,0,1,1,ñ§hair1_0_1,1,ñ§hair1_2_1,0,0,0,0,0,0,1,,0,0,0,0,0,1,0,0,0,0,1,0,0,,0,57.29578,
Bone,ñ§hair1_2_1,Skirt_2_1,0,0,1.557983,16.77131,1.562672,1,0,0,1,1,ñ§hair1_1_1,1,ñ§hair1_3_1,0,0,0,0,0,0,1,,0,0,0,0,0,1,0,0,0,0,1,0,0,,0,57.29578,
Bone,ñ§hair1_3_1,Skirt_3_1,0,0,1.718439,15.87824,1.80866,1,0,0,1,1,ñ§hair1_2_1,1,ñ§hair1_4_1,0,0,0,0,0,0,1,,0,0,0,0,0,1,0,0,0,0,1,0,0,,0,57.29578,
Bone,ñ§hair1_4_1,Skirt_4_1,0,0,2.005416,14.88313,2.101543,1,0,0,1,1,ñ§hair1_3_1,1,ñ§hair1_5_1,0,0,0,0,0,0,1,,0,0,0,0,0,1,0,0,0,0,1,0,0,,0,57.29578,
Bone,ñ§hair1_5_1,Skirt_5_1,0,0,2.27126,14.03987,2.368445,1,0,0,1,1,ñ§hair1_4_1,1,ñ§hair1_6_1,0,0,0,0,0,0,1,,0,0,0,0,0,1,0,0,0,0,1,0,0,,0,57.29578,
Bone,ñ§hair1_6_1,Skirt_6_1,0,0,2.542234,13.24983,2.665472,1,0,0,1,1,ñ§hair1_5_1,1,ñ§hair1_7_1,0,0,0,0,0,0,1,,0,0,0,0,0,1,0,0,0,0,1,0,0,,0,57.29578,
Bone,ñ§hair1_7_1,Skirt_7_1,0,0,2.824304,12.44172,2.999457,1,0,0,1,1,ñ§hair1_6_1,1,ñ§hair1_8_1,0,0,0,0,0,0,1,,0,0,0,0,0,1,0,0,0,0,1,0,0,,0,57.29578,
Bone,ñ§hair1_8_1,Skirt_8_1,0,0,3.050978,11.71321,3.3381,1,0,0,1,1,ñ§hair1_7_1,1,ñ§hair1_9_1,0,0,0,0,0,0,1,,0,0,0,0,0,1,0,0,0,0,1,0,0,,0,57.29578,
Bone,ñ§hair1_9_1,Skirt_9_1,0,0,3.258661,10.95979,3.65925,1,0,0,1,1,ñ§hair1_8_1,1,ñ§hair1_10_1,0,0,0,0,0,0,1,,0,0,0,0,0,1,0,0,0,0,1,0,0,,0,57.29578,
Bone,ñ§hair1_10_1,Skirt_10_1,0,0,3.422888,10.18489,4.004519,1,0,0,1,1,ñ§hair1_9_1,1,ñ§hair1_11_1,0,0,0,0,0,0,1,,0,0,0,0,0,1,0,0,0,0,1,0,0,,0,57.29578,
Bone,ñ§hair1_11_1,Skirt_11_1,0,0,3.533686,9.493967,4.285089,1,0,0,1,1,ñ§hair1_10_1,1,ñ§hair1_12_1,0,0,0,0,0,0,1,,0,0,0,0,0,1,0,0,0,0,1,0,0,,0,57.29578,
Bone,ñ§hair1_12_1,Skirt_12_1,0,0,3.581083,8.82258,4.528079,1,0,0,1,1,ñ§hair1_11_1,1,ñ§hair1_13_1,0,0,0,0,0,0,1,,0,0,0,0,0,1,0,0,0,0,1,0,0,,0,57.29578,
Bone,ñ§hair1_13_1,Skirt_13_1,0,0,3.553659,8.070627,4.754817,1,0,0,1,1,ñ§hair1_12_1,1,ñ§hair1_14_1,0,0,0,0,0,0,1,,0,0,0,0,0,1,0,0,0,0,1,0,0,,0,57.29578,
Bone,ñ§hair1_14_1,Skirt_14_1,0,0,3.486369,7.399729,4.899672,1,0,0,1,1,ñ§hair1_13_1,1,ñ§hair1_15_1,0,0,0,0,0,0,1,,0,0,0,0,0,1,0,0,0,0,1,0,0,,0,57.29578,
Bone,ñ§hair1_15_1,Skirt_15_1,0,0,3.30982,6.718088,4.908603,1,0,0,1,1,ñ§hair1_14_1,1,ñ§hair1_16_1,0,0,0,0,0,0,1,,0,0,0,0,0,1,0,0,0,0,1,0,0,,0,57.29578,
Bone,ñ§hair1_16_1,Skirt_16_1,0,0,3.087953,6.034006,4.869603,1,0,0,1,1,ñ§hair1_15_1,1,ñ§hair1_17_1,0,0,0,0,0,0,1,,0,0,0,0,0,1,0,0,0,0,1,0,0,,0,57.29578,
Bone,ñ§hair1_17_1,Skirt_17_1,0,0,2.78326,5.311838,4.727183,1,0,0,1,1,ñ§hair1_16_1,1,ñ§hair1_18_1,0,0,0,0,0,0,1,,0,0,0,0,0,1,0,0,0,0,1,0,0,,0,57.29578,
Bone,ñ§hair1_18_1,Skirt_18_1,0,0,2.419102,4.652658,4.498323,1,0,0,1,1,ñ§hair1_17_1,1,,0,0,0,0,0,0,1,,0,0,0,0,0,1,0,0,0,0,1,0,0,,0,57.29578,
Bone,ñ§hair1_19_1,Skirt_19_1,0,0,2.088406,4.16633,4.304348,1,0,0,0,1,ñ§hair1_18_1,0,,0,0,0,0,0,0,1,,0,0,0,0,0,1,0,0,0,0,1,0,0,,0,57.29578,
Bone,ñ§hair2_0_1,Skirt_0_1,0,0,2.192753,13.9886,2.046377,1,0,0,1,1,ñ§hair1_4_1,1,ñ§hair2_1_1,0,0,0,0,0,0,1,,0,0,0,0,0,1,0,0,0,0,1,0,0,,0,57.29578,
Bone,ñ§hair2_1_1,Skirt_1_1,0,0,2.49254,13.16047,2.33946,1,0,0,1,1,ñ§hair2_0_1,1,ñ§hair2_2_1,0,0,0,0,0,0,1,,0,0,0,0,0,1,0,0,0,0,1,0,0,,0,57.29578,
Bone,ñ§hair2_2_1,Skirt_2_1,0,0,2.757396,12.32209,2.616919,1,0,0,1,1,ñ§hair2_1_1,1,ñ§hair2_3_1,0,0,0,0,0,0,1,,0,0,0,0,0,1,0,0,0,0,1,0,0,,0,57.29578,
Bone,ñ§hair2_3_1,Skirt_3_1,0,0,3.000054,11.48127,2.890553,1,0,0,1,1,ñ§hair2_2_1,1,ñ§hair2_4_1,0,0,0,0,0,0,1,,0,0,0,0,0,1,0,0,0,0,1,0,0,,0,57.29578,
Bone,ñ§hair2_4_1,Skirt_4_1,0,0,3.176724,10.64582,3.167821,1,0,0,1,1,ñ§hair2_3_1,1,ñ§hair2_5_1,0,0,0,0,0,0,1,,0,0,0,0,0,1,0,0,0,0,1,0,0,,0,57.29578,
Bone,ñ§hair2_5_1,Skirt_5_1,0,0,3.261011,9.867014,3.40835,1,0,0,1,1,ñ§hair2_4_1,1,ñ§hair2_6_1,0,0,0,0,0,0,1,,0,0,0,0,0,1,0,0,0,0,1,0,0,,0,57.29578,
Bone,ñ§hair2_6_1,Skirt_6_1,0,0,3.30043,9.12678,3.623942,1,0,0,1,1,ñ§hair2_5_1,1,ñ§hair2_7_1,0,0,0,0,0,0,1,,0,0,0,0,0,1,0,0,0,0,1,0,0,,0,57.29578,
Bone,ñ§hair2_7_1,Skirt_7_1,0,0,3.294671,8.422678,3.813357,1,0,0,1,1,ñ§hair2_6_1,1,ñ§hair2_8_1,0,0,0,0,0,0,1,,0,0,0,0,0,1,0,0,0,0,1,0,0,,0,57.29578,
Bone,ñ§hair2_8_1,Skirt_8_1,0,0,3.220234,7.682444,3.92753,1,0,0,1,1,ñ§hair2_7_1,1,,0,0,0,0,0,0,1,,0,0,0,0,0,1,0,0,0,0,1,0,0,,0,57.29578,
Bone,ñ§hair2_9_1,Skirt_9_1,0,0,3.072464,6.823069,4.017393,1,0,0,0,1,ñ§hair2_8_1,0,,0,0,0,0,0,0,1,,0,0,0,0,0,1,0,0,0,0,1,0,0,,0,57.29578,
Bone,ñ§hair3_1_1,Skirt_1_1,0,0,3.740176,11.75764,3.387621,1,0,0,1,1,ñ§hair1_7_1,1,ñ§hair3_2_1,0,0,0,0,0,0,1,,0,0,0,0,0,1,0,0,0,0,1,0,0,,0,57.29578,
Bone,ñ§hair3_2_1,Skirt_2_1,0,0,3.983735,10.98908,3.714995,1,0,0,1,1,ñ§hair3_1_1,1,ñ§hair3_3_1,0,0,0,0,0,0,1,,0,0,0,0,0,1,0,0,0,0,1,0,0,,0,57.29578,
Bone,ñ§hair3_3_1,Skirt_3_1,0,0,4.155796,10.26447,4.046088,1,0,0,1,1,ñ§hair3_2_1,1,ñ§hair3_4_1,0,0,0,0,0,0,1,,0,0,0,0,0,1,0,0,0,0,1,0,0,,0,57.29578,
Bone,ñ§hair3_4_1,Skirt_4_1,0,0,4.26264,9.54133,4.323258,1,0,0,1,1,ñ§hair3_3_1,1,ñ§hair3_5_1,0,0,0,0,0,0,1,,0,0,0,0,0,1,0,0,0,0,1,0,0,,0,57.29578,
Bone,ñ§hair3_5_1,Skirt_5_1,0,0,4.254025,8.873362,4.535172,1,0,0,1,1,ñ§hair3_4_1,1,,0,0,0,0,0,0,1,,0,0,0,0,0,1,0,0,0,0,1,0,0,,0,57.29578,
Bone,ñ§hair3_6_1,Skirt_6_1,0,0,4.036231,8.083811,4.753482,1,0,0,0,1,ñ§hair3_5_1,0,,0,0,0,0,0,0,1,,0,0,0,0,0,1,0,0,0,0,1,0,0,,0,57.29578,
Bone,ñ§hair4_1_1,Skirt_1_1,0,0,3.361609,8.901194,5.00452,1,0,0,1,1,ñ§hair1_11_1,1,ñ§hair4_2_1,0,0,0,0,0,0,1,,0,0,0,0,0,1,0,0,0,0,1,0,0,,0,57.29578,
Bone,ñ§hair4_2_1,Skirt_2_1,0,0,3.195118,8.140451,5.20603,1,0,0,1,1,ñ§hair4_1_1,1,ñ§hair4_3_1,0,0,0,0,0,0,1,,0,0,0,0,0,1,0,0,0,0,1,0,0,,0,57.29578,
Bone,ñ§hair4_3_1,Skirt_3_1,0,0,3.011863,7.368967,5.400278,1,0,0,1,1,ñ§hair4_2_1,1,,0,0,0,0,0,0,1,,0,0,0,0,0,1,0,0,0,0,1,0,0,,0,57.29578,
Bone,ñ§hair4_4_1,Skirt_4_1,0,0,2.418381,5.810373,5.30884,1,0,0,0,1,ñ§hair4_3_1,0,,0,0,0,0,0,0,1,,0,0,0,0,0,1,0,0,0,0,1,0,0,,0,57.29578,
Bone,ñ§hair5_0_1,Skirt_0_1,0,0,3.015941,9.4676,4.342031,1,0,0,1,1,ñ§hair1_10_1,1,ñ§hair5_1_1,0,0,0,0,0,0,1,,0,0,0,0,0,1,0,0,0,0,1,0,0,,0,57.29578,
Bone,ñ§hair5_1_1,Skirt_1_1,0,0,2.886955,8.617014,4.640152,1,0,0,1,1,ñ§hair5_0_1,1,ñ§hair5_2_1,0,0,0,0,0,0,1,,0,0,0,0,0,1,0,0,0,0,1,0,0,,0,57.29578,
Bone,ñ§hair5_2_1,Skirt_2_1,0,0,2.538163,7.679514,4.864199,1,0,0,1,1,ñ§hair5_1_1,1,,0,0,0,0,0,0,1,,0,0,0,0,0,1,0,0,0,0,1,0,0,,0,57.29578,
Bone,ñ§hair5_3_1,Skirt_3_1,0,0,1.963767,6.81135,4.98261,1,0,0,0,1,ñ§hair5_2_1,0,,0,0,0,0,0,0,1,,0,0,0,0,0,1,0,0,0,0,1,0,0,,0,57.29578,
Bone,«¹««?«È_0_0,Skirt_0_0,0,0,-0.3881157,11.7442,-1.223967,1,0,0,1,1,ù»Úâãó,1,«¹««?«È_1_0,0,0,0,0,0,0,1,,0,0,0,0,0,1,0,0,0,0,1,0,0,,0,57.29578,
Bone,«¹««?«È_0_1,Skirt_0_1,0,0,0.2817988,11.74414,-1.298883,1,0,0,1,1,ù»Úâãó,1,«¹««?«È_1_1,0,0,0,0,0,0,1,,0,0,0,0,0,1,0,0,0,0,1,0,0,,0,57.29578,
Bone,«¹««?«È_0_2,Skirt_0_2,0,0,0.7745512,11.7443,-1.199329,1,0,0,1,1,ù»Úâãó,1,«¹««?«È_1_2,0,0,0,0,0,0,1,,0,0,0,0,0,1,0,0,0,0,1,0,0,,0,57.29578,
Bone,«¹««?«È_0_3,Skirt_0_3,0,0,1.350307,11.7445,-0.7074102,1,0,0,1,1,ù»Úâãó,1,«¹««?«È_1_3,0,0,0,0,0,0,1,,0,0,0,0,0,1,0,0,0,0,1,0,0,,0,57.29578,
Bone,«¹««?«È_0_4,Skirt_0_4,0,0,1.558562,11.74453,-0.2686158,1,0,0,1,1,ù»Úâãó,1,«¹««?«È_1_4,0,0,0,0,0,0,1,,0,0,0,0,0,1,0,0,0,0,1,0,0,,0,57.29578,
Bone,«¹««?«È_0_5,Skirt_0_5,0,0,1.614667,11.74434,0.3358265,1,0,0,1,1,ù»Úâãó,1,«¹««?«È_1_5,0,0,0,0,0,0,1,,0,0,0,0,0,1,0,0,0,0,1,0,0,,0,57.29578,
Bone,«¹««?«È_0_6,Skirt_0_6,0,0,1.422557,11.74402,0.9311271,1,0,0,1,1,ù»Úâãó,1,«¹««?«È_1_6,0,0,0,0,0,0,1,,0,0,0,0,0,1,0,0,0,0,1,0,0,,0,57.29578,
Bone,«¹««?«È_0_7,Skirt_0_7,0,0,0.9230591,11.74377,1.328986,1,0,0,1,1,ù»Úâãó,1,«¹««?«È_1_7,0,0,0,0,0,0,1,,0,0,0,0,0,1,0,0,0,0,1,0,0,,0,57.29578,
Bone,«¹««?«È_0_8,Skirt_0_8,0,0,0.4488947,11.7438,1.500109,1,0,0,1,1,ù»Úâãó,1,«¹««?«È_1_8,0,0,0,0,0,0,1,,0,0,0,0,0,1,0,0,0,0,1,0,0,,0,57.29578,
Bone,«¹««?«È_0_9,Skirt_0_9,0,0,-0.3668471,11.74415,1.56849,1,0,0,1,1,ù»Úâãó,1,«¹««?«È_1_9,0,0,0,0,0,0,1,,0,0,0,0,0,1,0,0,0,0,1,0,0,,0,57.29578,
Bone,«¹««?«È_0_10,Skirt_0_10,0,0,-0.9046013,11.74473,1.37679,1,0,0,1,1,ù»Úâãó,1,«¹««?«È_1_10,0,0,0,0,0,0,1,,0,0,0,0,0,1,0,0,0,0,1,0,0,,0,57.29578,
Bone,«¹««?«È_0_11,Skirt_0_11,0,0,-1.318639,11.74179,0.8807838,1,0,0,1,1,ù»Úâãó,1,«¹««?«È_1_11,0,0,0,0,0,0,1,,0,0,0,0,0,1,0,0,0,0,1,0,0,,0,57.29578,
Bone,«¹««?«È_0_12,Skirt_0_12,0,0,-1.590579,11.74556,0.364523,1,0,0,1,1,ù»Úâãó,1,«¹««?«È_1_12,0,0,0,0,0,0,1,,0,0,0,0,0,1,0,0,0,0,1,0,0,,0,57.29578,
Bone,«¹««?«È_0_13,Skirt_0_13,0,0,-1.617344,11.74543,-0.2447823,1,0,0,1,1,ù»Úâãó,1,«¹««?«È_1_13,0,0,0,0,0,0,1,,0,0,0,0,0,1,0,0,0,0,1,0,0,,0,57.29578,
Bone,«¹««?«È_0_14,Skirt_0_14,0,0,-1.414241,11.74501,-0.6955208,1,0,0,1,1,ù»Úâãó,1,«¹««?«È_1_14,0,0,0,0,0,0,1,,0,0,0,0,0,1,0,0,0,0,1,0,0,,0,57.29578,
Bone,«¹««?«È_0_15,Skirt_0_15,0,0,-0.921685,11.74452,-1.058752,1,0,0,1,1,ù»Úâãó,1,«¹««?«È_1_15,0,0,0,0,0,0,1,,0,0,0,0,0,1,0,0,0,0,1,0,0,,0,57.29578,
Bone,«¹««?«È_1_0,Skirt_1_0,0,0,-0.5580877,9.906569,-1.64202,1,0,0,0,1,«¹««?«È_0_0,0,,0,0,0,0,0,0,1,,0,0,0,0,0,1,0,0,0,0,1,0,0,,0,57.29578,
Bone,«¹««?«È_1_1,Skirt_1_1,0,0,0.4174817,9.92752,-1.749831,1,0,0,0,1,«¹««?«È_0_1,0,,0,0,0,0,0,0,1,,0,0,0,0,0,1,0,0,0,0,1,0,0,,0,57.29578,
Bone,«¹««?«È_1_2,Skirt_1_2,0,0,1.3352,10.01211,-1.527422,1,0,0,0,1,«¹««?«È_0_2,0,,0,0,0,0,0,0,1,,0,0,0,0,0,1,0,0,0,0,1,0,0,,0,57.29578,
Bone,«¹««?«È_1_3,Skirt_1_3,0,0,2.054915,10.10972,-1.007295,1,0,0,0,1,«¹««?«È_0_3,0,,0,0,0,0,0,0,1,,0,0,0,0,0,1,0,0,0,0,1,0,0,,0,57.29578,
Bone,«¹««?«È_1_4,Skirt_1_4,0,0,2.466621,10.16771,-0.2672745,1,0,0,0,1,«¹««?«È_0_4,0,,0,0,0,0,0,0,1,,0,0,0,0,0,1,0,0,0,0,1,0,0,,0,57.29578,
Bone,«¹««?«È_1_5,Skirt_1_5,0,0,2.493624,10.16004,0.6989541,1,0,0,0,1,«¹««?«È_0_5,0,,0,0,0,0,0,0,1,,0,0,0,0,0,1,0,0,0,0,1,0,0,,0,57.29578,
Bone,«¹««?«È_1_6,Skirt_1_6,0,0,2.145828,10.10511,1.521078,1,0,0,0,1,«¹««?«È_0_6,0,,0,0,0,0,0,0,1,,0,0,0,0,0,1,0,0,0,0,1,0,0,,0,57.29578,
Bone,«¹««?«È_1_7,Skirt_1_7,0,0,1.38693,10.04902,2.101053,1,0,0,0,1,«¹««?«È_0_7,0,,0,0,0,0,0,0,1,,0,0,0,0,0,1,0,0,0,0,1,0,0,,0,57.29578,
Bone,«¹««?«È_1_8,Skirt_1_8,0,0,0.5883141,10.03808,2.380368,1,0,0,0,1,«¹««?«È_0_8,0,,0,0,0,0,0,0,1,,0,0,0,0,0,1,0,0,0,0,1,0,0,,0,57.29578,
Bone,«¹««?«È_1_9,Skirt_1_9,0,0,-0.5223273,10.08678,2.436208,1,0,0,0,1,«¹««?«È_0_9,0,,0,0,0,0,0,0,1,,0,0,0,0,0,1,0,0,0,0,1,0,0,,0,57.29578,
Bone,«¹««?«È_1_10,Skirt_1_10,0,0,-1.20429,10.17233,2.106941,1,0,0,0,1,«¹««?«È_0_10,0,,0,0,0,0,0,0,1,,0,0,0,0,0,1,0,0,0,0,1,0,0,,0,57.29578,
Bone,«¹««?«È_1_11,Skirt_1_11,0,0,-1.917796,10.24394,1.444053,1,0,0,0,1,«¹««?«È_0_11,0,,0,0,0,0,0,0,1,,0,0,0,0,0,1,0,0,0,0,1,0,0,,0,57.29578,
Bone,«¹««?«È_1_12,Skirt_1_12,0,0,-2.356744,10.25296,0.5498211,1,0,0,0,1,«¹««?«È_0_12,0,,0,0,0,0,0,0,1,,0,0,0,0,0,1,0,0,0,0,1,0,0,,0,57.29578,
Bone,«¹««?«È_1_13,Skirt_1_13,0,0,-2.356505,10.19361,-0.09524822,1,0,0,0,1,«¹««?«È_0_13,0,,0,0,0,0,0,0,1,,0,0,0,0,0,1,0,0,0,0,1,0,0,,0,57.29578,
Bone,«¹««?«È_1_14,Skirt_1_14,0,0,-2.014919,10.07934,-0.7373164,1,0,0,0,1,«¹««?«È_0_14,0,,0,0,0,0,0,0,1,,0,0,0,0,0,1,0,0,0,0,1,0,0,,0,57.29578,
Bone,«¹««?«È_1_15,Skirt_1_15,0,0,-1.383552,9.965281,-1.279993,1,0,0,0,1,«¹««?«È_0_15,0,,0,0,0,0,0,0,1,,0,0,0,0,0,1,0,0,0,0,1,0,0,,0,57.29578,
Bone,éÓY,,0,0,-0.4809645,12.40468,-1.128461,1,1,0,1,1,ù»Úâãó,1,éÓYà»,0,0,0,0,0,0,1,,0,0,0,0,0,1,0,0,0,0,1,0,0,,0,57.29578,
Bone,éÓYà»,,0,0,-1.042193,10.99305,-2.043349,0,0,0,0,1,éÓY,0,,0,0,0,0,0,0,1,,0,0,0,0,0,1,0,0,0,0,1,0,0,,0,57.29578,
Bone,ñ§Y,,0,0,0.4809645,12.40468,-1.128461,1,1,0,1,1,ù»Úâãó,1,ñ§Yà»,0,0,0,0,0,0,1,,0,0,0,0,0,1,0,0,0,0,1,0,0,,0,57.29578,
Bone,ñ§Yà»,,0,0,1.042193,10.99305,-2.043349,0,0,0,0,1,ñ§Y,0,,0,0,0,0,0,0,1,,0,0,0,0,0,1,0,0,0,0,1,0,0,,0,57.29578,
Bone,éÓðëD,D,1,0,-1.005733,11.14459,0.1749623,1,0,0,1,1,é¦«­«ã«ó«»«ëéÓ,1,,0,0,0,0,1,0,1,éÓðë,0,0,0,0,0,1,0,0,0,0,1,0,0,,0,57.29578,
Bone,éÓªÒª¶D,D,1,0,-0.8786164,5.910791,0.1819153,1,0,0,1,1,éÓðëD,1,,0,0,0,0,1,0,1,éÓªÒª¶,0,0,0,0,0,1,0,0,0,0,1,0,0,,0,57.29578,
Bone,éÓðëâÏD,D,1,0,-0.998152,0.9743307,0.8173994,1,0,0,1,1,éÓªÒª¶D,1,,0,0,0,0,1,0,1,éÓðëâÏ,0,0,0,0,0,1,0,0,0,0,1,0,0,,0,57.29578,
Bone,éÓðëà»EX,toe2_R,1,0,-0.9981465,0.4677987,-0.409192,1,0,0,1,1,éÓðëâÏD,0,,6.87E-07,-0.002039831,-0.999998,0,0,0,1,,0,0,0,0,0,1,0,0,0,0,1,0,0,,0,57.29578,
Bone,ñ§ðëD,D,1,0,1.005733,11.14459,0.1749623,1,0,0,1,1,é¦«­«ã«ó«»«ëñ§,1,,0,0,0,0,1,0,1,ñ§ðë,0,0,0,0,0,1,0,0,0,0,1,0,0,,0,57.29578,
Bone,ñ§ªÒª¶D,D,1,0,0.8786164,5.910791,0.1819153,1,0,0,1,1,ñ§ðëD,1,,0,0,0,0,1,0,1,ñ§ªÒª¶,0,0,0,0,0,1,0,0,0,0,1,0,0,,0,57.29578,
Bone,ñ§ðëâÏD,D,1,0,0.998152,0.9743307,0.8173994,1,0,0,1,1,ñ§ªÒª¶D,1,,0,0,0,0,1,0,1,ñ§ðëâÏ,0,0,0,0,0,1,0,0,0,0,1,0,0,,0,57.29578,
Bone,ñ§ðëà»EX,toe2_L,1,0,0.9981465,0.4677987,-0.409192,1,0,0,1,1,ñ§ðëâÏD,0,,-6.87E-07,-0.002039831,-0.999998,0,0,0,1,,0,0,0,0,0,1,0,0,0,0,1,0,0,,0,57.29578,
