;Bone,ボーン名,ボーン名(英),変形階層,物理後(0/1),位置_x,位置_y,位置_z,回転(0/1),移動(0/1),IK(0/1),表示(0/1),操作(0/1),親ボーン名,表示先(0:オフセット/1:ボーン),表示先ボーン名,オフセット_x,オフセット_y,オフセット_z,ローカル付与(0/1),回転付与(0/1),移動付与(0/1),付与率,付与親名,軸制限(0/1),制限軸_x,制限軸_y,制限軸_z,ローカル軸(0/1),ローカルX軸_x,ローカルX軸_y,ローカルX軸_z,ローカルZ軸_x,ローカルZ軸_y,ローカルZ軸_z,外部親(0/1),外部親Key,IKTarget名,IKLoop,IK単位角[deg]
Bone,"全ての親","",0,0,0,0,0,1,1,0,1,1,"",1,"センター",0,0,0,0,0,0,1,"",0,0,0,0,0,1,0,0,0,0,1,0,0,"",0,57.29578
Bone,"センター","center",0,0,0,0,0,1,1,0,1,1,"全ての親",0,"",0,8,0,0,0,0,1,"",0,0,0,0,0,1,0,0,0,0,1,0,0,"",0,57.29578
Bone,"グルーブ","",0,0,0,8.092759,0.01016051,1,1,0,1,1,"センター",1,"腰",0,0,0,0,0,0,1,"",0,0,0,0,0,1,0,0,0,0,1,0,0,"",0,57.29578
Bone,"腰","",0,0,0,10.16856,0.01000404,1,0,0,1,1,"グルーブ",1,"下半身",0,0,0,0,0,0,1,"",0,0,0,0,0,1,0,0,0,0,1,0,0,"",0,57.29578
Bone,"上半身","",0,0,0,11.28775,0.00553751,1,0,0,1,1,"腰",1,"上半身2",0,0,0,0,0,0,1,"",0,0,0,0,0,1,0,0,0,0,1,0,0,"",0,57.29578
Bone,"上半身2","",0,0,-2.851161E-06,12.91918,0.02532637,1,0,0,1,1,"上半身",1,"首",0,0,0,0,0,0,1,"",0,0,0,0,0,1,0,0,0,0,1,0,0,"",0,57.29578
Bone,"左肩P","shoulderP_L",0,0,0.2435977,14.81974,0.5517785,1,0,0,1,1,"上半身2",0,"",0,0,0,0,0,0,1,"",0,0,0,0,0,1,0,0,0,0,1,0,0,"",0,57.29578
Bone,"左肩","",0,0,0.2435977,14.81974,0.5517785,1,0,0,1,1,"左肩P",1,"左腕",0,0,0,0,0,0,1,"",0,0,0,0,1,0.9621459,-0.2723323,-0.01050717,0.01011464,-0.002845187,0.9999448,0,0,"",0,57.29578
Bone,"左肩C","",0,0,1.316378,14.79942,0.5436206,1,0,0,0,1,"左肩",0,"",0,0,0,0,1,0,-1,"左肩P",0,0,0,0,0,1,0,0,0,0,1,0,0,"",0,57.29578
Bone,"左腕","",0,0,1.316379,14.79943,0.5436206,1,0,0,1,1,"左肩C",1,"左ひじ",0,0,0,0,0,0,1,"",0,0,0,0,1,0.8308583,-0.556484,3.943593E-07,-3.253836E-07,2.228485E-07,1,0,0,"",0,57.29578
Bone,"左腕捩","",0,0,2.804441,13.72074,0.5488659,1,0,0,1,1,"左腕",1,"左腕",0,0,0,0,0,0,1,"",1,-0.8096479,0.586909,-0.002853959,1,-0.8096508,0.5869049,-0.002854849,-0.002311375,0.001675622,0.9999959,0,0,"",0,57.29578
Bone,"左腕捩戻","",0,0,1.934215,14.34955,0.5429904,1,0,0,1,1,"左腕",0,"",0,0,0,0,1,0,-0.2,"左腕捩",1,-0.8083978,0.5886359,0.0008245754,1,-0.8083971,0.5886371,0.0008245137,0.0006663093,-0.000485649,0.9999997,0,0,"",0,57.29578
Bone,"左ひじ","",0,0,3.263581,13.38425,0.5074002,1,0,0,1,1,"左腕捩",1,"左手首",0,0,0,0,0,0,1,"",0,0,0,0,1,0.8464049,-0.53167,0.03042798,-0.02581134,0.01611347,0.999537,0,0,"",0,57.29578
Bone,"左手捩","",0,0,4.256935,12.69178,0.5136714,1,0,0,1,1,"左ひじ",0,"",0,0,0,0,0,0,1,"",1,-0.8203354,0.5718592,-0.005178944,1,-0.8203367,0.5718573,-0.005173492,-0.004244066,0.002958534,0.9999866,0,0,"",0,57.29578
Bone,"左手首","",0,0,4.942276,12.21876,0.5252353,1,0,0,1,1,"左手捩",0,"",0.2633652,-0.18441,2.086163E-07,0,0,0,1,"",0,0,0,0,1,0.8191525,-0.5735758,0,0,0,1,0,0,"",0,57.29578
Bone,"左武器","",0,0,5.162417,12.18507,0.3848813,1,0,0,1,1,"左手首",0,"",-0.2372769,-0.3388671,0,0,0,0,1,"",0,0,0,0,1,-0.5735757,-0.8191525,0,0,0,1,0,0,"",0,57.29578
Bone,"左親指０","",0,0,5.022322,12.09665,0.2934148,1,0,0,1,1,"左手首",1,"左親指１",0,0,0,0,0,0,1,"",0,0,0,0,1,0.6955078,-0.4700668,-0.5434209,-0.688862,-0.651276,-0.3182904,0,0,"",0,57.29578
Bone,"左親指１","",0,0,5.320534,11.80478,0.110151,1,0,0,1,1,"左親指０",1,"左親指２",0,0,0,0,0,0,1,"",0,0,0,0,1,0.7041413,-0.4973474,-0.5067847,-0.6915392,-0.6422853,-0.3305197,0,0,"",0,57.29578
Bone,"左親指２","",0,0,5.479648,11.6248,0.02480361,1,0,0,1,1,"左親指１",0,"",0.1127568,-0.078953,-0.1,0,0,0,1,"",0,0,0,0,1,0.6627288,-0.4640469,-0.5877507,-0.725608,-0.5919827,-0.3507842,0,0,"",0,57.29578
Bone,"左小指０","",0,0,5.07323,12.18553,0.8113335,1,0,0,1,1,"左手首",1,"左小指１",0,0,0,0,0,0,1,"",0,0,0,0,1,0.8937192,-0.4476231,0.02999298,-0.02680918,0.01344795,0.9995502,0,0,"",0,57.29578
Bone,"左小指１","",0,0,5.691185,11.80574,0.8572227,1,0,0,1,1,"左小指０",1,"左小指２",0,0,0,0,0,0,1,"",0,0,0,0,1,0.8937193,-0.4476231,0.02999298,-0.02680919,0.01344792,0.9995502,0,0,"",0,57.29578
Bone,"左小指２","",0,0,5.859179,11.70301,0.8571661,1,0,0,1,1,"左小指１",1,"左小指３",0,0,0,0,0,0,1,"",0,0,0,0,1,0.8840832,-0.4642783,0.05331634,-0.04720322,0.02478886,0.9985777,0,0,"",0,57.29578
Bone,"左小指３","",0,0,6.053493,11.59145,0.8566492,1,0,0,1,1,"左小指２",0,"",0.1638305,-0.1147152,0,0,0,0,1,"",0,0,0,0,1,0.8191525,-0.5735758,0,0,0,1,0,0,"",0,57.29578
Bone,"左薬指０","",0,0,5.181576,12.33542,0.6728202,1,0,0,1,1,"左手首",1,"左薬指１",0,0,0,0,0,0,1,"",0,0,0,0,1,0.8601204,-0.5072526,0.05373677,-0.04628766,0.0272964,0.9985552,0,0,"",0,57.29578
Bone,"左薬指１","",0,0,5.773376,11.85688,0.6869061,1,0,0,1,1,"左薬指０",1,"左薬指２",0,0,0,0,0,0,1,"",0,0,0,0,1,0.8601205,-0.5072526,0.05373678,-0.04628767,0.02729639,0.9985551,0,0,"",0,57.29578
Bone,"左薬指２","",0,0,6.032736,11.68484,0.687432,1,0,0,1,1,"左薬指１",1,"左薬指３",0,0,0,0,0,0,1,"",0,0,0,0,1,0.8887026,-0.457758,0.02579264,-0.02295125,0.01176871,0.9996673,0,0,"",0,57.29578
Bone,"左薬指３","",0,0,6.241834,11.54912,0.6933857,1,0,0,1,1,"左薬指２",0,"",0.1918776,-0.07331518,0,0,0,0,1,"",0,0,0,0,1,0.9341327,-0.356926,0,0,0,1,0,0,"",0,57.29578
Bone,"左中指０","",0,0,5.173711,12.32124,0.4860346,1,0,0,1,1,"左手首",1,"左中指１",0,0,0,0,0,0,1,"",0,0,0,0,1,0.9408251,-0.3376485,0.02901234,-0.02729805,0.009825128,0.9995791,0,0,"",0,57.29578
Bone,"左中指１","",0,0,5.837269,11.8659,0.5056636,1,0,0,1,1,"左中指０",1,"左中指２",0,0,0,0,0,0,1,"",0,0,0,0,1,0.9408251,-0.3376484,0.02901234,-0.02729807,0.009825073,0.9995791,0,0,"",0,57.29578
Bone,"左中指２","",0,0,6.101723,11.71157,0.5075987,1,0,0,1,1,"左中指１",1,"左中指３",0,0,0,0,0,0,1,"",0,0,0,0,1,0.8886703,-0.4584205,0.01075907,-0.009617308,0.004824898,0.9999421,0,0,"",0,57.29578
Bone,"左中指３","",0,0,6.342835,11.55474,0.5085762,1,0,0,1,1,"左中指２",0,"",0.2054514,-0.08281964,0,0,0,0,1,"",0,0,0,0,1,0.9274785,-0.3738766,0,0,0,1,0,0,"",0,57.29578
Bone,"左人指０","",0,0,5.10994,12.24888,0.3430734,1,0,0,1,1,"左手首",1,"左人指１",0,0,0,0,0,0,1,"",0,0,0,0,1,0.918138,-0.3931455,0.04959273,-0.04558763,0.01952452,0.9987695,0,0,"",0,57.29578
Bone,"左人指１","",0,0,5.822402,11.81074,0.3152714,1,0,0,1,1,"左人指０",1,"左人指２",0,0,0,0,0,0,1,"",0,0,0,0,1,0.918138,-0.3931454,0.04959273,-0.04558758,0.01952465,0.9987695,0,0,"",0,57.29578
Bone,"左人指２","",0,0,6.025776,11.69612,0.3159361,1,0,0,1,1,"左人指１",1,"左人指３",0,0,0,0,0,0,1,"",0,0,0,0,1,0.8805099,-0.4731135,0.02942642,-0.02591699,0.01393642,0.999567,0,0,"",0,57.29578
Bone,"左人指３","",0,0,6.246985,11.56015,0.3219686,1,0,0,1,1,"左人指２",0,"",0.1973495,-0.07714669,0,0,0,0,1,"",0,0,0,0,1,0.9313661,-0.3640842,0,0,0,1,0,0,"",0,57.29578
Bone,"左手首回転","",0,0,4.936955,12.23221,0.5298049,1,0,0,1,0,"左手捩",0,"",0.3457236,0.4605516,0,0,1,0,0.5,"左手首",0,0,0,0,0,1,0,0,0,0,1,0,0,"",0,57.29578
Bone,"左手捩回転１","",0,0,3.815372,13.00081,0.5059364,1,0,0,1,0,"左ひじ",0,"",0,0,0,0,1,0,0.3,"左手捩",0,0,0,0,1,-0.8211938,0.5706454,0.002172996,0.001784473,-0.001239986,0.9999976,0,0,"",0,57.29578
Bone,"左手捩回転２","",0,0,4.648893,12.42427,0.5137822,1,0,0,1,0,"左ひじ",0,"",0,0,0,0,1,0,0.7,"左手捩",0,0,0,0,1,-0.8219299,0.569576,-0.003789717,-0.003114923,0.002158521,0.9999928,0,0,"",0,57.29578
Bone,"左ひじ回転","",0,0,3.265593,13.38745,0.5113443,1,0,0,1,0,"左腕捩",0,"",0.4210478,-0.2704048,-0.01,0,1,0,0.5,"左ひじ",0,0,0,0,1,0.8457595,-0.5335299,-0.006068607,0.005238995,-0.003069304,0.9999816,0,0,"",0,57.29578
Bone,"左腕回転","",0,0,1.312662,14.80557,0.5476027,1,0,0,1,0,"左肩",0,"",0.1397212,0.7188064,0,0,1,0,0.2,"左腕",0,0,0,0,1,0.1908083,0.9816273,0,0,0,1,0,0,"",0,57.29578
Bone,"首","",0,0,0,15.39147,0.4120955,1,0,0,1,1,"上半身2",1,"頭",0,0,0,0,0,0,1,"",0,0,0,0,0,1,0,0,0,0,1,0,0,"",0,57.29578
Bone,"頭","",0,0,8.806416E-07,16.09403,0.4046434,1,0,0,1,1,"首",0,"",0,1.225197,0.06685162,0,0,0,1,"",0,0,0,0,0,1,0,0,0,0,1,0,0,"",0,57.29578
Bone,"両目","",0,0,0,19.71475,0.2737157,1,0,0,1,1,"頭",0,"",0,0,-1,0,0,0,1,"",0,0,0,0,0,1,0,0,0,0,1,0,0,"",0,57.29578
Bone,"左目","",0,0,0.5517012,16.67522,-0.06106198,1,0,0,1,1,"頭",0,"",0,0,-1.176833,0,1,0,0.5,"両目",0,0,0,0,0,1,0,0,0,0,1,0,0,"",0,57.29578
Bone,"右目","",0,0,-0.5517012,16.67522,-0.06106198,1,0,0,1,1,"頭",0,"",0,0,-1.176833,0,1,0,0.5,"両目",0,0,0,0,0,1,0,0,0,0,1,0,0,"",0,57.29578
Bone,"口","",0,0,-1.516265E-06,15.94244,-0.713815,1,1,0,1,1,"頭",0,"",0,0,0,0,0,0,1,"",0,0,0,0,0,1,0,0,0,0,1,0,0,"",0,57.29578
Bone,"舌0","",0,0,-2.997921E-06,16.11705,-0.03691566,1,0,0,1,0,"口",0,"",0,0,0,0,0,0,1,"",0,0,0,0,0,1,0,0,0,0,1,0,0,"",0,57.29578
Bone,"舌１","",0,0,-2.141081E-06,16.1183,-0.03785653,1,1,0,1,1,"舌0",1,"舌２",0,0,0,0,0,0,1,"",0,0,0,0,0,1,0,0,0,0,1,0,0,"",0,57.29578
Bone,"舌２","",0,0,2.199758E-07,16.0629,-0.246714,1,0,0,1,1,"舌１",1,"舌３",0,0,0,0,0,0,1,"",0,0,0,0,0,1,0,0,0,0,1,0,0,"",0,57.29578
Bone,"舌３","",0,0,9.812247E-07,15.97676,-0.4187287,1,0,0,1,1,"舌２",1,"舌３先",0,0,0,0,0,0,1,"",0,0,0,0,0,1,0,0,0,0,1,0,0,"",0,57.29578
Bone,"舌３先","",0,0,1.273262E-06,15.881,-0.6292465,1,0,0,0,1,"舌３",1,"",0,0,0,0,0,0,1,"",0,0,0,0,0,1,0,0,0,0,1,0,0,"",0,57.29578
Bone,"右肩P","shoulderP_R",0,0,-0.2435977,14.81974,0.5517785,1,0,0,1,1,"上半身2",0,"",0,0,0,0,0,0,1,"",0,0,0,0,0,1,0,0,0,0,1,0,0,"",0,57.29578
Bone,"右肩","",0,0,-0.2435977,14.81974,0.5517785,1,0,0,1,1,"右肩P",1,"右腕",0,0,0,0,0,0,1,"",0,0,0,0,1,-0.9401096,-0.3408724,1.509518E-07,-2.507632E-07,1.134432E-06,1,0,0,"",0,57.29578
Bone,"右肩C","",0,0,-1.316378,14.79942,0.5436206,1,0,0,0,1,"右肩",0,"",0,0,0,0,1,0,-1,"右肩P",0,0,0,0,0,1,0,0,0,0,1,0,0,"",0,57.29578
Bone,"右腕","",0,0,-1.316379,14.79943,0.5436206,1,0,0,1,1,"右肩C",1,"右ひじ",0,0,0,0,0,0,1,"",0,0,0,0,1,-0.8308583,-0.5564841,3.943584E-07,2.151098E-05,-3.14083E-05,1,0,0,"",0,57.29578
Bone,"右腕捩","",0,0,-2.804441,13.72074,0.5488659,1,0,0,1,1,"右腕",1,"右腕",0,0,0,0,0,0,1,"",1,0.8096479,0.586909,-0.002853959,1,0.8096509,0.586905,-0.002853085,0.002323717,0.001655589,0.9999959,0,0,"",0,57.29578
Bone,"右腕捩戻","",0,0,-1.934215,14.34955,0.5429904,1,0,0,1,1,"右腕",0,"",0,0,0,0,1,0,0.2,"右腕捩",1,0.8083978,0.5886359,0.0008245754,1,0.8083971,0.5886371,0.0008246385,-0.0006711276,-0.0004792439,0.9999997,0,0,"",0,57.29578
Bone,"右ひじ","",0,0,-3.263581,13.38425,0.5074002,1,0,0,1,1,"右腕捩",1,"右手首",0,0,0,0,0,0,1,"",0,0,0,0,1,-0.8445482,-0.5353342,-0.01247851,-0.01053956,-0.006680645,0.9999222,0,0,"",0,57.29578
Bone,"右手捩","",0,0,-4.256935,12.69178,0.5136714,1,0,0,1,1,"右ひじ",0,"",0,0,0,0,0,0,1,"",1,0.8203354,0.5718592,-0.005178944,1,0.8203367,0.5718574,-0.005184357,0.004249882,0.00296919,0.9999866,0,0,"",0,57.29578
Bone,"右手首","",0,0,-4.942276,12.21876,0.5252353,1,0,0,1,1,"右手捩",0,"",-0.2633652,-0.18441,2.086163E-07,0,0,0,1,"",0,0,0,0,1,0.8191525,0.5735758,-1.670374E-22,1.368291E-22,9.580861E-23,1,0,0,"",0,57.29578
Bone,"右武器","",0,0,-5.162417,12.18507,0.3848813,1,0,0,1,1,"右手首",0,"",0.2294303,-0.327661,0,0,0,0,1,"",0,0,0,0,1,0.5735758,-0.8191525,0,0,0,1,0,0,"",0,57.29578
Bone,"右親指０","",0,0,-5.022322,12.09665,0.2934148,1,0,0,1,1,"右手首",1,"右親指１",0,0,0,0,0,0,1,"",0,0,0,0,1,-0.7104284,-0.4801583,-0.5145285,-0.6309062,0.1105593,0.7679414,0,0,"",0,57.29578
Bone,"右親指１","",0,0,-5.320534,11.80478,0.110151,1,0,0,1,1,"右親指０",1,"右親指２",0,0,0,0,0,0,1,"",0,0,0,0,1,-0.7273953,-0.4857715,-0.4846878,-0.6739833,0.3729542,0.6376925,0,0,"",0,57.29578
Bone,"右親指２","",0,0,-5.479648,11.6248,0.02480361,1,0,0,1,1,"右親指１",0,"",-0.1127568,-0.078953,-0.1,0,0,0,1,"",0,0,0,0,1,0.8191525,0.5735758,-1.123007E-15,-0.4406331,0.6292904,0.6401844,0,0,"",0,57.29578
Bone,"右小指０","",0,0,-5.07323,12.18553,0.8113335,1,0,0,1,1,"右手首",1,"右小指１",0,0,0,0,0,0,1,"",0,0,0,0,1,-0.8937193,-0.447623,0.02999312,0.02681755,0.01343154,0.9995501,0,0,"",0,57.29578
Bone,"右小指１","",0,0,-5.691185,11.80574,0.8572227,1,0,0,1,1,"右小指０",1,"右小指２",0,0,0,0,0,0,1,"",0,0,0,0,1,-0.8937193,-0.447623,0.02999312,0.02681755,0.01343154,0.9995501,0,0,"",0,57.29578
Bone,"右小指２","",0,0,-5.859179,11.70301,0.8571661,1,0,0,1,1,"右小指１",1,"右小指３",0,0,0,0,0,0,1,"",0,0,0,0,1,-0.8840833,-0.4642783,0.05331678,0.04720359,0.02478909,0.9985777,0,0,"",0,57.29578
Bone,"右小指３","",0,0,-6.053493,11.59145,0.8566492,1,0,0,1,1,"右小指２",0,"",-0.2047948,-0.1433986,0,0,0,0,1,"",0,0,0,0,1,0.8191525,0.5735758,0,0,0,1,0,0,"",0,57.29578
Bone,"右薬指０","",0,0,-5.181576,12.33542,0.6728202,1,0,0,1,1,"右手首",1,"右薬指１",0,0,0,0,0,0,1,"",0,0,0,0,1,-0.8601205,-0.5072526,0.0537365,0.04628669,0.02729749,0.9985551,0,0,"",0,57.29578
Bone,"右薬指１","",0,0,-5.773376,11.85688,0.6869061,1,0,0,1,1,"右薬指０",1,"右薬指２",0,0,0,0,0,0,1,"",0,0,0,0,1,-0.8601205,-0.5072526,0.0537365,0.04628691,0.02729713,0.9985551,0,0,"",0,57.29578
Bone,"右薬指２","",0,0,-6.032736,11.68484,0.687432,1,0,0,1,1,"右薬指１",1,"右薬指３",0,0,0,0,0,0,1,"",0,0,0,0,1,-0.8887027,-0.4577581,0.02579276,0.02292969,0.01181083,0.9996673,0,0,"",0,57.29578
Bone,"右薬指３","",0,0,-6.241834,11.54912,0.6933857,1,0,0,1,1,"右薬指２",0,"",-0.1918776,-0.07331518,0,0,0,0,1,"",0,0,0,0,1,-0.9341327,-0.3569261,0,0,0,1,0,0,"",0,57.29578
Bone,"右中指０","",0,0,-5.173711,12.32124,0.4860346,1,0,0,1,1,"右手首",1,"右中指１",0,0,0,0,0,0,1,"",0,0,0,0,1,-0.9408251,-0.3376483,0.02901235,0.02730709,0.00979997,0.9995791,0,0,"",0,57.29578
Bone,"右中指１","",0,0,-5.837269,11.8659,0.5056636,1,0,0,1,1,"右中指０",1,"右中指２",0,0,0,0,0,0,1,"",0,0,0,0,1,-0.9408252,-0.3376483,0.02901235,0.02730705,0.009800068,0.9995791,0,0,"",0,57.29578
Bone,"右中指２","",0,0,-6.101723,11.71157,0.5075987,1,0,0,1,1,"右中指１",1,"右中指３",0,0,0,0,0,0,1,"",0,0,0,0,1,-0.8886704,-0.4584204,0.01075915,0.009561852,0.00493258,0.9999421,0,0,"",0,57.29578
Bone,"右中指３","",0,0,-6.342835,11.55474,0.5085762,1,0,0,1,1,"右中指２",0,"",-0.2054437,-0.08281431,0.001,0,0,0,1,"",0,0,0,0,1,-0.9274725,-0.3738641,0.004514488,0.004187871,0.001685927,0.9999899,0,0,"",0,57.29578
Bone,"右人指０","",0,0,-5.10994,12.24888,0.3430734,1,0,0,1,1,"右手首",1,"右人指１",0,0,0,0,0,0,1,"",0,0,0,0,1,-0.9181379,-0.3931454,0.04959266,0.04558908,0.01952096,0.9987696,0,0,"",0,57.29578
Bone,"右人指１","",0,0,-5.822402,11.81074,0.3152714,1,0,0,1,1,"右人指０",1,"右人指２",0,0,0,0,0,0,1,"",0,0,0,0,1,-0.9181379,-0.3931454,0.04959266,0.04558914,0.01952082,0.9987695,0,0,"",0,57.29578
Bone,"右人指２","",0,0,-6.025776,11.69612,0.3159361,1,0,0,1,1,"右人指１",1,"右人指３",0,0,0,0,0,0,1,"",0,0,0,0,1,-0.8805099,-0.4731137,0.02942676,0.02592178,0.01392823,0.999567,0,0,"",0,57.29578
Bone,"右人指３","",0,0,-6.246985,11.56015,0.3219686,1,0,0,1,1,"右人指２",0,"",-0.1973495,-0.07714669,0,0,0,0,1,"",0,0,0,0,1,-0.9313661,-0.3640842,0,0,0,1,0,0,"",0,57.29578
Bone,"右手首回転","",0,0,-4.936955,12.23221,0.5298049,1,0,0,1,0,"右手捩",0,"",-0.2867879,0.4095763,0,0,1,0,0.5,"右手首",0,0,0,0,1,-0.5735757,0.8191525,0,0,0,1,0,0,"",0,57.29578
Bone,"右手捩回転１","",0,0,-3.815372,13.00081,0.5059364,1,0,0,1,0,"右ひじ",0,"",0,0,0,0,1,0,0.3,"右手捩",1,0.8211887,0.5706527,0.002178418,1,0.8211938,0.5706453,0.002183879,-0.001791167,-0.001249425,0.9999976,0,0,"",0,57.29578
Bone,"右手捩回転２","",0,0,-4.648893,12.42427,0.5137822,1,0,0,1,0,"右ひじ",0,"",0,0,0,0,1,0,0.7,"右手捩",0,0,0,0,1,0.82193,0.569576,-0.003783504,0.00310455,0.00216258,0.9999928,0,0,"",0,57.29578
Bone,"右ひじ回転","",0,0,-3.265593,13.38745,0.5113443,1,0,0,1,0,"右腕捩",0,"",-0.4210478,-0.2704048,-0.01,0,1,0,0.5,"右ひじ",0,0,0,0,1,-0.8457594,-0.5335301,-0.006068625,-0.00513266,-0.003237902,0.9999816,0,0,"",0,57.29578
Bone,"右腕回転","",0,0,-1.312662,14.80557,0.5476027,1,0,0,1,0,"右肩",0,"",-0.1397212,0.7188064,0,0,1,0,0.2,"右腕",0,0,0,0,1,-0.1908081,0.9816273,0,0,0,1,0,0,"",0,57.29578
Bone,"右胸１","",0,0,-0.8739678,13.60748,-0.1560291,1,0,0,0,1,"上半身2",1,"右胸先",0,0,0,0,0,0,1,"",0,0,0,0,0,1,0,0,0,0,1,0,0,"",0,57.29578
Bone,"右胸先","",0,0,-0.8739647,13.59682,-1.001994,1,0,0,0,1,"右胸１",0,"",-0.135829,0.2,-1.218937,0,0,0,1,"",0,0,0,0,0,1,0,0,0,0,1,0,0,"",0,57.29578
Bone,"左胸１","",0,0,0.8739678,13.60748,-0.1560291,1,0,0,0,1,"上半身2",1,"左胸先",0,0,0,0,0,0,1,"",0,0,0,0,0,1,0,0,0,0,1,0,0,"",0,57.29578
Bone,"左胸先","",0,0,0.8739647,13.59682,-1.001994,1,0,0,0,1,"左胸１",0,"",0.135828,0.2,-1.218938,0,0,0,1,"",0,0,0,0,0,1,0,0,0,0,1,0,0,"",0,57.29578
Bone,"下半身","",0,0,0,11.2628,0.001955241,1,0,0,1,1,"腰",0,"",0,-1.295619,0,0,0,0,1,"",0,0,0,0,0,1,0,0,0,0,1,0,0,"",0,57.29578
Bone,"左足","",0,0,0.765498,9.556755,0.2624447,1,0,0,1,1,"下半身",1,"左ひざ",0,0,0,0,0,0,1,"",0,0,0,0,0,1,0,0,0,0,1,0,0,"",0,57.29578
Bone,"左ひざ","",0,0,0.6839716,5.856626,0.178748,1,0,0,1,1,"左足",1,"左足首",0,0,0,0,0,0,1,"",0,0,0,0,0,1,0,0,0,0,1,0,0,"",0,57.29578
Bone,"左足首","",0,0,0.6810073,1.368924,0.5917839,1,0,0,1,1,"左ひざ",1,"左つま先",0,0,0,0,0,0,1,"",0,0,0,0,0,1,0,0,0,0,1,0,0,"",0,57.29578
Bone,"左つま先","",0,0,0.6648824,0.3675992,-0.4580438,1,0,0,1,1,"左足首",0,"",-0.004144788,0.004487945,-0.4999626,0,0,0,1,"",0,0,0,0,0,1,0,0,0,0,1,0,0,"",0,57.29578
Bone,"左足ＩＫ","",0,0,0.680903,1.3589,0.5930577,1,1,1,1,1,"全ての親",0,"",5.960464E-08,-3.576279E-07,1.3081,0,0,0,1,"",0,0,0,0,0,1,0,0,0,0,1,0,0,"左足首",85,114
;IKLink,親ボーン名,Linkボーン名,角度制限(0/1),XL[deg],XH[deg],YL[deg],YH[deg],ZL[deg],ZH[deg]
IKLink,"左足ＩＫ","左ひざ",1,-180,-0.5,0,0,0,0
IKLink,"左足ＩＫ","左足",0,0,0,0,0,0,0
Bone,"左つま先ＩＫ","",0,0,0.6648721,0.3669519,-0.4587218,1,1,1,1,1,"左足ＩＫ",0,"",5.960464E-08,-1.3081,0,0,0,0,1,"",0,0,0,0,0,1,0,0,0,0,1,0,0,"左つま先",160,57.29578
;IKLink,親ボーン名,Linkボーン名,角度制限(0/1),XL[deg],XH[deg],YL[deg],YH[deg],ZL[deg],ZH[deg]
IKLink,"左つま先ＩＫ","左足首",0,0,0,0,0,0,0
Bone,"左ひざ回転","",0,0,0.6993495,5.876481,0.1792298,1,0,0,1,0,"左足",0,"",-0.000211438,-0.001022588,-0.4999989,0,1,0,0.5,"左ひざ",0,0,0,0,0,1,0,0,0,0,1,0,0,"",0,57.29578
Bone,"右足","",0,0,-0.765498,9.556755,0.2624447,1,0,0,1,1,"下半身",1,"右ひざ",0,0,0,0,0,0,1,"",0,0,0,0,0,1,0,0,0,0,1,0,0,"",0,57.29578
Bone,"右ひざ","",0,0,-0.6839716,5.856626,0.178748,1,0,0,1,1,"右足",1,"右足首",0,0,0,0,0,0,1,"",0,0,0,0,0,1,0,0,0,0,1,0,0,"",0,57.29578
Bone,"右足首","",0,0,-0.6810073,1.368924,0.5917839,1,0,0,1,1,"右ひざ",1,"右つま先",0,0,0,0,0,0,1,"",0,0,0,0,0,1,0,0,0,0,1,0,0,"",0,57.29578
Bone,"右つま先","",0,0,-0.6648824,0.3675992,-0.4580438,1,0,0,1,1,"右足首",0,"",0.004144788,0.004487945,-0.4999626,0,0,0,1,"",0,0,0,0,0,1,0,0,0,0,1,0,0,"",0,57.29578
Bone,"右足ＩＫ","",0,0,-0.680903,1.3589,0.5930577,1,1,1,1,1,"全ての親",0,"",0,-2.384186E-07,1.3081,0,0,0,1,"",0,0,0,0,0,1,0,0,0,0,1,0,0,"右足首",85,114
;IKLink,親ボーン名,Linkボーン名,角度制限(0/1),XL[deg],XH[deg],YL[deg],YH[deg],ZL[deg],ZH[deg]
IKLink,"右足ＩＫ","右ひざ",1,-180,-0.5,0,0,0,0
IKLink,"右足ＩＫ","右足",0,0,0,0,0,0,0
Bone,"右つま先ＩＫ","",0,0,-0.6648721,0.3669519,-0.4587218,1,1,1,1,1,"右足ＩＫ",0,"",0,-1.3081,1.192093E-07,0,0,0,1,"",0,0,0,0,0,1,0,0,0,0,1,0,0,"右つま先",160,57.29578
;IKLink,親ボーン名,Linkボーン名,角度制限(0/1),XL[deg],XH[deg],YL[deg],YH[deg],ZL[deg],ZH[deg]
IKLink,"右つま先ＩＫ","右足首",0,0,0,0,0,0,0
Bone,"右ひざ回転","",0,0,-0.6993495,5.876481,0.1792298,1,0,0,1,0,"右足",0,"",0.000211438,-0.001022588,-0.4999989,0,1,0,0.5,"右ひざ",0,0,0,0,0,1,0,0,0,0,1,0,0,"",0,57.29578
Bone,"左足回転","",0,0,0.7564265,9.578671,0.2593241,1,0,0,1,0,"下半身",0,"",0.0001083112,-0.009377207,0.499912,0,1,0,0.5,"左足",0,0,0,0,0,1,0,0,0,0,1,0,0,"",0,57.29578
Bone,"右足回転","",0,0,-0.7564265,9.578671,0.2593241,1,0,0,1,0,"下半身",0,"",-0.0001083112,-0.009377207,0.499912,0,1,0,0.5,"右足",0,0,0,0,0,1,0,0,0,0,1,0,0,"",0,57.29578
Bone,"上歯","",0,0,-8.940685E-08,16.0135,-0.6212634,1,1,0,1,1,"口",0,"",0,0,0,0,0,0,1,"",0,0,0,0,0,1,0,0,0,0,1,0,0,"",0,57.29578
Bone,"下歯","",0,0,-8.940685E-08,15.96135,-0.6212634,1,1,0,1,1,"口",0,"",0,0,0,0,0,0,1,"",0,0,0,0,0,1,0,0,0,0,1,0,0,"",0,57.29578
Bone,"鼻","",0,0,1.476146E-06,16.27764,-0.8694551,1,1,0,1,1,"頭",0,"",0,0,0,0,0,0,1,"",0,0,0,0,0,1,0,0,0,0,1,0,0,"",0,57.29578
Bone,"左眉","",0,0,0.4780469,17.15215,-0.5283024,1,1,0,1,1,"頭",0,"",0,0,0,0,0,0,1,"",0,0,0,0,0,1,0,0,0,0,1,0,0,"",0,57.29578
Bone,"右眉","",0,0,-0.4780469,17.15215,-0.5283024,1,1,0,1,1,"頭",0,"",0,0,0,0,0,0,1,"",0,0,0,0,0,1,0,0,0,0,1,0,0,"",0,57.29578
Bone,"左ほっぺた","",0,0,0.702336,16.12342,-0.5409824,1,1,0,1,1,"頭",0,"",0,0,0,0,0,0,1,"",0,0,0,0,0,1,0,0,0,0,1,0,0,"",0,57.29578
Bone,"右ほっぺた","",0,0,-0.702336,16.12342,-0.5409824,1,1,0,1,1,"頭",0,"",0,0,0,0,0,0,1,"",0,0,0,0,0,1,0,0,0,0,1,0,0,"",0,57.29578
Bone,"帽子","center",0,0,-0.003627048,18.13317,0.6126866,1,1,0,1,1,"頭",0,"",0,0,0,0,0,0,1,"",0,0,0,0,0,1,0,0,0,0,1,0,0,"",0,57.29578
Bone,"リボン＿1","",0,0,1.303852E-07,13.68894,-0.9448509,1,0,0,1,1,"上半身2",1,"リボン＿2",0,0,0,0,0,0,1,"",0,0,0,0,0,1,0,0,0,0,1,0,0,"",0,57.29578
Bone,"リボン＿2","",0,0,4.6473E-07,13.36157,-0.9711762,1,0,0,1,1,"リボン＿1",1,"リボン＿先",0,0,0,0,0,0,1,"",0,0,0,0,0,1,0,0,0,0,1,0,0,"",0,57.29578
Bone,"リボン＿先","",0,0,1.303852E-07,12.95633,-0.9409086,1,0,0,0,1,"リボン＿2",0,"",0,0,0,0,0,0,1,"",0,0,0,0,0,1,0,0,0,0,1,0,0,"",0,57.29578
Bone,"スカート_0_0","Skirt_0_0",0,0,-1.524373E-06,11.44185,-0.7484335,1,0,0,1,1,"下半身",1,"スカート_1_0",0,0,0,0,0,0,1,"",0,0,0,0,0,1,0,0,0,0,1,0,0,"",0,57.29578
Bone,"スカート_0_1","Skirt_0_1",0,0,0.5253991,11.42342,-0.691084,1,0,0,1,1,"下半身",1,"スカート_1_1",0,0,0,0,0,0,1,"",0,0,0,0,0,1,0,0,0,0,1,0,0,"",0,57.29578
Bone,"スカート_0_2","Skirt_0_2",0,0,0.9706131,11.3862,-0.528286,1,0,0,1,1,"下半身",1,"スカート_1_2",0,0,0,0,0,0,1,"",0,0,0,0,0,1,0,0,0,0,1,0,0,"",0,57.29578
Bone,"スカート_0_3","Skirt_0_3",0,0,1.267994,11.35288,-0.2854055,1,0,0,1,1,"下半身",1,"スカート_1_3",0,0,0,0,0,0,1,"",0,0,0,0,0,1,0,0,0,0,1,0,0,"",0,57.29578
Bone,"スカート_0_4","Skirt_0_4",0,0,1.372401,11.34554,-1.669396E-07,1,0,0,1,1,"下半身",1,"スカート_1_4",0,0,0,0,0,0,1,"",0,0,0,0,0,1,0,0,0,0,1,0,0,"",0,57.29578
Bone,"スカート_0_5","Skirt_0_5",0,0,1.267995,11.37376,0.3254869,1,0,0,1,1,"下半身",1,"スカート_1_5",0,0,0,0,0,0,1,"",0,0,0,0,0,1,0,0,0,0,1,0,0,"",0,57.29578
Bone,"スカート_0_6","Skirt_0_6",0,0,0.9706158,11.42478,0.6004961,1,0,0,1,1,"下半身",1,"スカート_1_6",0,0,0,0,0,0,1,"",0,0,0,0,0,1,0,0,0,0,1,0,0,"",0,57.29578
Bone,"スカート_0_7","Skirt_0_7",0,0,0.5254027,11.47383,0.7837408,1,0,0,1,1,"下半身",1,"スカート_1_7",0,0,0,0,0,0,1,"",0,0,0,0,0,1,0,0,0,0,1,0,0,"",0,57.29578
Bone,"スカート_0_8","Skirt_0_8",0,0,2.440308E-06,11.49641,0.8479054,1,0,0,1,1,"下半身",1,"スカート_1_8",0,0,0,0,0,0,1,"",0,0,0,0,0,1,0,0,0,0,1,0,0,"",0,57.29578
Bone,"スカート_0_9","Skirt_0_9",0,0,-0.4836325,11.48172,0.7835264,1,0,0,1,1,"下半身",1,"スカート_1_9",0,0,0,0,0,0,1,"",0,0,0,0,0,1,0,0,0,0,1,0,0,"",0,57.29578
Bone,"スカート_0_10","Skirt_0_10",0,0,-0.8938382,11.43938,0.6002057,1,0,0,1,1,"下半身",1,"スカート_1_10",0,0,0,0,0,0,1,"",0,0,0,0,0,1,0,0,0,0,1,0,0,"",0,57.29578
Bone,"スカート_0_11","Skirt_0_11",0,0,-1.168031,11.39284,0.3252707,1,0,0,1,1,"下半身",1,"スカート_1_11",0,0,0,0,0,0,1,"",0,0,0,0,0,1,0,0,0,0,1,0,0,"",0,57.29578
Bone,"スカート_0_12","Skirt_0_12",0,0,-1.264335,11.3662,-3.543682E-06,1,0,0,1,1,"下半身",1,"スカート_1_12",0,0,0,0,0,0,1,"",0,0,0,0,0,1,0,0,0,0,1,0,0,"",0,57.29578
Bone,"スカート_0_13","Skirt_0_13",0,0,-1.168033,11.37196,-0.2856217,1,0,0,1,1,"下半身",1,"スカート_1_13",0,0,0,0,0,0,1,"",0,0,0,0,0,1,0,0,0,0,1,0,0,"",0,57.29578
Bone,"スカート_0_14","Skirt_0_14",0,0,-0.8938411,11.4008,-0.5285764,1,0,0,1,1,"下半身",1,"スカート_1_14",0,0,0,0,0,0,1,"",0,0,0,0,0,1,0,0,0,0,1,0,0,"",0,57.29578
Bone,"スカート_0_15","Skirt_0_15",0,0,-0.4836362,11.43132,-0.6912984,1,0,0,1,1,"下半身",1,"スカート_1_15",0,0,0,0,0,0,1,"",0,0,0,0,0,1,0,0,0,0,1,0,0,"",0,57.29578
Bone,"スカート_1_0","Skirt_1_0",0,0,-2.281748E-06,11.04045,-0.8413006,1,0,0,1,1,"スカート_0_0",1,"スカート_2_0",0,0,0,0,0,0,1,"",0,0,0,0,0,1,0,0,0,0,1,0,0,"",0,57.29578
Bone,"スカート_1_1","Skirt_1_1",0,0,0.5962573,11.02849,-0.7769946,1,0,0,1,1,"スカート_0_1",1,"スカート_2_1",0,0,0,0,0,0,1,"",0,0,0,0,0,1,0,0,0,0,1,0,0,"",0,57.29578
Bone,"スカート_1_2","Skirt_1_2",0,0,1.101618,11.00291,-0.5941882,1,0,0,1,1,"スカート_0_2",1,"スカート_2_2",0,0,0,0,0,0,1,"",0,0,0,0,0,1,0,0,0,0,1,0,0,"",0,57.29578
Bone,"スカート_1_3","Skirt_1_3",0,0,1.439227,10.98039,-0.3211799,1,0,0,1,1,"スカート_0_3",1,"スカート_2_3",0,0,0,0,0,0,1,"",0,0,0,0,0,1,0,0,0,0,1,0,0,"",0,57.29578
Bone,"スカート_1_4","Skirt_1_4",0,0,1.557768,10.97718,-7.065238E-07,1,0,0,1,1,"スカート_0_4",1,"スカート_2_4",0,0,0,0,0,0,1,"",0,0,0,0,0,1,0,0,0,0,1,0,0,"",0,57.29578
Bone,"スカート_1_5","Skirt_1_5",0,0,1.439228,11.00097,0.3947081,1,0,0,1,1,"スカート_0_5",1,"スカート_2_5",0,0,0,0,0,0,1,"",0,0,0,0,0,1,0,0,0,0,1,0,0,"",0,57.29578
Bone,"スカート_1_6","Skirt_1_6",0,0,1.101621,11.04093,0.7286003,1,0,0,1,1,"スカート_0_6",1,"スカート_2_6",0,0,0,0,0,0,1,"",0,0,0,0,0,1,0,0,0,0,1,0,0,"",0,57.29578
Bone,"スカート_1_7","Skirt_1_7",0,0,0.596261,11.07817,0.9513118,1,0,0,1,1,"スカート_0_7",1,"スカート_2_7",0,0,0,0,0,0,1,"",0,0,0,0,0,1,0,0,0,0,1,0,0,"",0,57.29578
Bone,"スカート_1_8","Skirt_1_8",0,0,1.670972E-06,11.09422,1.029405,1,0,0,1,1,"スカート_0_8",1,"スカート_2_8",0,0,0,0,0,0,1,"",0,0,0,0,0,1,0,0,0,0,1,0,0,"",0,57.29578
Bone,"スカート_1_9","Skirt_1_9",0,0,-0.5644576,11.08112,0.9512157,1,0,0,1,1,"スカート_0_9",1,"スカート_2_9",0,0,0,0,0,0,1,"",0,0,0,0,0,1,0,0,0,0,1,0,0,"",0,57.29578
Bone,"スカート_1_10","Skirt_1_10",0,0,-1.043107,11.04638,0.72847,1,0,0,1,1,"スカート_0_10",1,"スカート_2_10",0,0,0,0,0,0,1,"",0,0,0,0,0,1,0,0,0,0,1,0,0,"",0,57.29578
Bone,"スカート_1_11","Skirt_1_11",0,0,-1.362994,11.0081,0.3946108,1,0,0,1,1,"スカート_0_11",1,"スカート_2_11",0,0,0,0,0,0,1,"",0,0,0,0,0,1,0,0,0,0,1,0,0,"",0,57.29578
Bone,"スカート_1_12","Skirt_1_12",0,0,-1.475336,10.9849,-2.7747E-06,1,0,0,1,1,"スカート_0_12",1,"スカート_2_12",0,0,0,0,0,0,1,"",0,0,0,0,0,1,0,0,0,0,1,0,0,"",0,57.29578
Bone,"スカート_1_13","Skirt_1_13",0,0,-1.362996,10.98752,-0.3212772,1,0,0,1,1,"スカート_0_13",1,"スカート_2_13",0,0,0,0,0,0,1,"",0,0,0,0,0,1,0,0,0,0,1,0,0,"",0,57.29578
Bone,"スカート_1_14","Skirt_1_14",0,0,-1.04311,11.00836,-0.5943186,1,0,0,1,1,"スカート_0_14",1,"スカート_2_14",0,0,0,0,0,0,1,"",0,0,0,0,0,1,0,0,0,0,1,0,0,"",0,57.29578
Bone,"スカート_1_15","Skirt_1_15",0,0,-0.5644612,11.03145,-0.7770908,1,0,0,1,1,"スカート_0_15",1,"スカート_2_15",0,0,0,0,0,0,1,"",0,0,0,0,0,1,0,0,0,0,1,0,0,"",0,57.29578
Bone,"スカート_2_0","Skirt_2_0",0,0,-2.819965E-06,10.61597,-0.9415823,1,0,0,1,1,"スカート_1_0",1,"スカート_3_0",0,0,0,0,0,0,1,"",0,0,0,0,0,1,0,0,0,0,1,0,0,"",0,57.29578
Bone,"スカート_2_1","Skirt_2_1",0,0,0.6696618,10.61083,-0.8697184,1,0,0,1,1,"スカート_1_1",1,"スカート_3_1",0,0,0,0,0,0,1,"",0,0,0,0,0,1,0,0,0,0,1,0,0,"",0,57.29578
Bone,"スカート_2_2","Skirt_2_2",0,0,1.237305,10.59891,-0.6652574,1,0,0,1,1,"スカート_1_2",1,"スカート_3_2",0,0,0,0,0,0,1,"",0,0,0,0,0,1,0,0,0,0,1,0,0,"",0,57.29578
Bone,"スカート_2_3","Skirt_2_3",0,0,1.616556,10.58917,-0.3597165,1,0,0,1,1,"スカート_1_3",1,"スカート_3_3",0,0,0,0,0,0,1,"",0,0,0,0,0,1,0,0,0,0,1,0,0,"",0,57.29578
Bone,"スカート_2_4","Skirt_2_4",0,0,1.749725,10.59026,-1.304621E-06,1,0,0,1,1,"スカート_1_4",1,"スカート_3_4",0,0,0,0,0,0,1,"",0,0,0,0,0,1,0,0,0,0,1,0,0,"",0,57.29578
Bone,"スカート_2_5","Skirt_2_5",0,0,1.616557,10.60683,0.4646035,1,0,0,1,1,"スカート_1_5",1,"スカート_3_5",0,0,0,0,0,0,1,"",0,0,0,0,0,1,0,0,0,0,1,0,0,"",0,57.29578
Bone,"スカート_2_6","Skirt_2_6",0,0,1.237308,10.63154,0.8578874,1,0,0,1,1,"スカート_1_6",1,"スカート_3_6",0,0,0,0,0,0,1,"",0,0,0,0,0,1,0,0,0,0,1,0,0,"",0,57.29578
Bone,"スカート_2_7","Skirt_2_7",0,0,0.6696653,10.65347,1.120366,1,0,0,1,1,"スカート_1_7",1,"スカート_3_7",0,0,0,0,0,0,1,"",0,0,0,0,0,1,0,0,0,0,1,0,0,"",0,57.29578
Bone,"スカート_2_8","Skirt_2_8",0,0,9.419546E-07,10.66213,1.21247,1,0,0,1,1,"スカート_1_8",1,"スカート_3_8",0,0,0,0,0,0,1,"",0,0,0,0,0,1,0,0,0,0,1,0,0,"",0,57.29578
Bone,"スカート_2_9","Skirt_2_9",0,0,-0.6450318,10.65309,1.120347,1,0,0,1,1,"スカート_1_9",1,"スカート_3_9",0,0,0,0,0,0,1,"",0,0,0,0,0,1,0,0,0,0,1,0,0,"",0,57.29578
Bone,"スカート_2_10","Skirt_2_10",0,0,-1.191936,10.63084,0.8578618,1,0,0,1,1,"スカート_1_10",1,"スカート_3_10",0,0,0,0,0,0,1,"",0,0,0,0,0,1,0,0,0,0,1,0,0,"",0,57.29578
Bone,"スカート_2_11","Skirt_2_11",0,0,-1.557402,10.60592,0.4645844,1,0,0,1,1,"スカート_1_11",1,"スカート_3_11",0,0,0,0,0,0,1,"",0,0,0,0,0,1,0,0,0,0,1,0,0,"",0,57.29578
Bone,"スカート_2_12","Skirt_2_12",0,0,-1.685744,10.58927,-1.974282E-06,1,0,0,1,1,"スカート_1_12",1,"スカート_3_12",0,0,0,0,0,0,1,"",0,0,0,0,0,1,0,0,0,0,1,0,0,"",0,57.29578
Bone,"スカート_2_13","Skirt_2_13",0,0,-1.557404,10.58825,-0.3597357,1,0,0,1,1,"スカート_1_13",1,"スカート_3_13",0,0,0,0,0,0,1,"",0,0,0,0,0,1,0,0,0,0,1,0,0,"",0,57.29578
Bone,"スカート_2_14","Skirt_2_14",0,0,-1.191939,10.5982,-0.665283,1,0,0,1,1,"スカート_1_14",1,"スカート_3_14",0,0,0,0,0,0,1,"",0,0,0,0,0,1,0,0,0,0,1,0,0,"",0,57.29578
Bone,"スカート_2_15","Skirt_2_15",0,0,-0.6450352,10.61045,-0.8697372,1,0,0,1,1,"スカート_1_15",1,"スカート_3_15",0,0,0,0,0,0,1,"",0,0,0,0,0,1,0,0,0,0,1,0,0,"",0,57.29578
Bone,"スカート_3_0","Skirt_3_0",0,0,-3.16822E-06,10.16712,-1.048018,1,0,0,1,1,"スカート_2_0",1,"スカート_4_0",0,0,0,0,0,0,1,"",0,0,0,0,0,1,0,0,0,0,1,0,0,"",0,57.29578
Bone,"スカート_3_1","Skirt_3_1",0,0,0.7447253,10.16916,-0.9680976,1,0,0,1,1,"スカート_2_1",1,"スカート_4_1",0,0,0,0,0,0,1,"",0,0,0,0,0,1,0,0,0,0,1,0,0,"",0,57.29578
Bone,"スカート_3_2","Skirt_3_2",0,0,1.376038,10.17278,-0.7406168,1,0,0,1,1,"スカート_2_2",1,"スカート_4_2",0,0,0,0,0,0,1,"",0,0,0,0,0,1,0,0,0,0,1,0,0,"",0,57.29578
Bone,"スカート_3_3","Skirt_3_3",0,0,1.797848,10.1777,-0.4005475,1,0,0,1,1,"スカート_2_3",1,"スカート_4_3",0,0,0,0,0,0,1,"",0,0,0,0,0,1,0,0,0,0,1,0,0,"",0,57.29578
Bone,"スカート_3_4","Skirt_3_4",0,0,1.945965,10.18344,-1.950983E-06,1,0,0,1,1,"スカート_2_4",1,"スカート_4_4",0,0,0,0,0,0,1,"",0,0,0,0,0,1,0,0,0,0,1,0,0,"",0,57.29578
Bone,"スカート_3_5","Skirt_3_5",0,0,1.79785,10.19066,0.5346793,1,0,0,1,1,"スカート_2_5",1,"スカート_4_5",0,0,0,0,0,0,1,"",0,0,0,0,0,1,0,0,0,0,1,0,0,"",0,57.29578
Bone,"スカート_3_6","Skirt_3_6",0,0,1.37604,10.19672,0.9874569,1,0,0,1,1,"スカート_2_6",1,"スカート_4_6",0,0,0,0,0,0,1,"",0,0,0,0,0,1,0,0,0,0,1,0,0,"",0,57.29578
Bone,"スカート_3_7","Skirt_3_7",0,0,0.7447285,10.20045,1.289739,1,0,0,1,1,"スカート_2_7",1,"スカート_4_7",0,0,0,0,0,0,1,"",0,0,0,0,0,1,0,0,0,0,1,0,0,"",0,57.29578
Bone,"スカート_3_8","Skirt_3_8",0,0,2.375577E-07,10.20099,1.395848,1,0,0,1,1,"スカート_2_8",1,"スカート_4_8",0,0,0,0,0,0,1,"",0,0,0,0,0,1,0,0,0,0,1,0,0,"",0,57.29578
Bone,"スカート_3_9","Skirt_3_9",0,0,-0.7251322,10.19809,1.289765,1,0,0,1,1,"スカート_2_9",1,"スカート_4_9",0,0,0,0,0,0,1,"",0,0,0,0,0,1,0,0,0,0,1,0,0,"",0,57.29578
Bone,"スカート_3_10","Skirt_3_10",0,0,-1.339908,10.19236,0.9874908,1,0,0,1,1,"スカート_2_10",1,"スカート_4_10",0,0,0,0,0,0,1,"",0,0,0,0,0,1,0,0,0,0,1,0,0,"",0,57.29578
Bone,"スカート_3_11","Skirt_3_11",0,0,-1.750708,10.18496,0.5347047,1,0,0,1,1,"スカート_2_11",1,"スカート_4_11",0,0,0,0,0,0,1,"",0,0,0,0,0,1,0,0,0,0,1,0,0,"",0,57.29578
Bone,"スカート_3_12","Skirt_3_12",0,0,-1.894966,10.17727,-1.120601E-06,1,0,0,1,1,"スカート_2_12",1,"スカート_4_12",0,0,0,0,0,0,1,"",0,0,0,0,0,1,0,0,0,0,1,0,0,"",0,57.29578
Bone,"スカート_3_13","Skirt_3_13",0,0,-1.750709,10.172,-0.400522,1,0,0,1,1,"スカート_2_13",1,"スカート_4_13",0,0,0,0,0,0,1,"",0,0,0,0,0,1,0,0,0,0,1,0,0,"",0,57.29578
Bone,"スカート_3_14","Skirt_3_14",0,0,-1.339911,10.16842,-0.7405829,1,0,0,1,1,"スカート_2_14",1,"スカート_4_14",0,0,0,0,0,0,1,"",0,0,0,0,0,1,0,0,0,0,1,0,0,"",0,57.29578
Bone,"スカート_3_15","Skirt_3_15",0,0,-0.7251354,10.1668,-0.9680725,1,0,0,1,1,"スカート_2_15",1,"スカート_4_15",0,0,0,0,0,0,1,"",0,0,0,0,0,1,0,0,0,0,1,0,0,"",0,57.29578
Bone,"スカート_4_0","Skirt_4_0",0,0,-3.355709E-06,9.692621,-1.159347,1,0,0,1,1,"スカート_3_0",1,"スカート_5_0",0,0,0,0,0,0,1,"",0,0,0,0,0,1,0,0,0,0,1,0,0,"",0,57.29578
Bone,"スカート_4_1","Skirt_4_1",0,0,0.8205613,9.702197,-1.070975,1,0,0,1,1,"スカート_3_1",1,"スカート_5_1",0,0,0,0,0,0,1,"",0,0,0,0,0,1,0,0,0,0,1,0,0,"",0,57.29578
Bone,"スカート_4_2","Skirt_4_2",0,0,1.516183,9.723085,-0.8193902,1,0,0,1,1,"スカート_3_2",1,"スカート_5_2",0,0,0,0,0,0,1,"",0,0,0,0,0,1,0,0,0,0,1,0,0,"",0,57.29578
Bone,"スカート_4_3","Skirt_4_3",0,0,1.980973,9.744446,-0.4432054,1,0,0,1,1,"スカート_3_3",1,"スカート_5_3",0,0,0,0,0,0,1,"",0,0,0,0,0,1,0,0,0,0,1,0,0,"",0,57.29578
Bone,"スカート_4_4","Skirt_4_4",0,0,2.144184,9.755364,-2.635359E-06,1,0,0,1,1,"スカート_3_4",1,"スカート_5_4",0,0,0,0,0,0,1,"",0,0,0,0,0,1,0,0,0,0,1,0,0,"",0,57.29578
Bone,"スカート_4_5","Skirt_4_5",0,0,1.980974,9.75174,0.6044416,1,0,0,1,1,"スカート_3_5",1,"スカート_5_5",0,0,0,0,0,0,1,"",0,0,0,0,0,1,0,0,0,0,1,0,0,"",0,57.29578
Bone,"スカート_4_6","Skirt_4_6",0,0,1.516185,9.736565,1.116409,1,0,0,1,1,"スカート_3_6",1,"スカート_5_6",0,0,0,0,0,0,1,"",0,0,0,0,0,1,0,0,0,0,1,0,0,"",0,57.29578
Bone,"スカート_4_7","Skirt_4_7",0,0,0.820564,9.719809,1.458269,1,0,0,1,1,"スカート_3_7",1,"スカート_5_7",0,0,0,0,0,0,1,"",0,0,0,0,0,1,0,0,0,0,1,0,0,"",0,57.29578
Bone,"スカート_4_8","Skirt_4_8",0,0,-4.579165E-07,9.711683,1.578286,1,0,0,1,1,"スカート_3_8",1,"スカート_5_8",0,0,0,0,0,0,1,"",0,0,0,0,0,1,0,0,0,0,1,0,0,"",0,57.29578
Bone,"スカート_4_9","Skirt_4_9",0,0,-0.8045365,9.716568,1.458311,1,0,0,1,1,"スカート_3_9",1,"スカート_5_9",0,0,0,0,0,0,1,"",0,0,0,0,0,1,0,0,0,0,1,0,0,"",0,57.29578
Bone,"スカート_4_10","Skirt_4_10",0,0,-1.486609,9.730577,1.116467,1,0,0,1,1,"スカート_3_10",1,"スカート_5_10",0,0,0,0,0,0,1,"",0,0,0,0,0,1,0,0,0,0,1,0,0,"",0,57.29578
Bone,"スカート_4_11","Skirt_4_11",0,0,-1.942366,9.743916,0.6044858,1,0,0,1,1,"スカート_3_11",1,"スカート_5_11",0,0,0,0,0,0,1,"",0,0,0,0,0,1,0,0,0,0,1,0,0,"",0,57.29578
Bone,"スカート_4_12","Skirt_4_12",0,0,-2.102409,9.746894,-1.918277E-07,1,0,0,1,1,"スカート_3_12",1,"スカート_5_12",0,0,0,0,0,0,1,"",0,0,0,0,0,1,0,0,0,0,1,0,0,"",0,57.29578
Bone,"スカート_4_13","Skirt_4_13",0,0,-1.942367,9.736621,-0.4431613,1,0,0,1,1,"スカート_3_13",1,"スカート_5_13",0,0,0,0,0,0,1,"",0,0,0,0,0,1,0,0,0,0,1,0,0,"",0,57.29578
Bone,"スカート_4_14","Skirt_4_14",0,0,-1.486611,9.717097,-0.8193319,1,0,0,1,1,"スカート_3_14",1,"スカート_5_14",0,0,0,0,0,0,1,"",0,0,0,0,0,1,0,0,0,0,1,0,0,"",0,57.29578
Bone,"スカート_4_15","Skirt_4_15",0,0,-0.8045391,9.698956,-1.070932,1,0,0,1,1,"スカート_3_15",1,"スカート_5_15",0,0,0,0,0,0,1,"",0,0,0,0,0,1,0,0,0,0,1,0,0,"",0,57.29578
Bone,"スカート_5_0","Skirt_5_0",0,0,-3.411626E-06,9.191177,-1.274309,1,0,0,1,1,"スカート_4_0",1,"スカート_6_0",0,0,0,0,0,0,1,"",0,0,0,0,0,1,0,0,0,0,1,0,0,"",0,57.29578
Bone,"スカート_5_1","Skirt_5_1",0,0,0.8962823,9.20867,-1.177193,1,0,0,1,1,"スカート_4_1",1,"スカート_6_1",0,0,0,0,0,0,1,"",0,0,0,0,0,1,0,0,0,0,1,0,0,"",0,57.29578
Bone,"スカート_5_2","Skirt_5_2",0,0,1.656105,9.248401,-0.9007007,1,0,0,1,1,"スカート_4_2",1,"スカート_6_2",0,0,0,0,0,0,1,"",0,0,0,0,0,1,0,0,0,0,1,0,0,"",0,57.29578
Bone,"スカート_5_3","Skirt_5_3",0,0,2.163795,9.287887,-0.4872226,1,0,0,1,1,"スカート_4_3",1,"スカート_6_3",0,0,0,0,0,0,1,"",0,0,0,0,0,1,0,0,0,0,1,0,0,"",0,57.29578
Bone,"スカート_5_4","Skirt_5_4",0,0,2.342072,9.304681,-3.347501E-06,1,0,0,1,1,"スカート_4_4",1,"スカート_6_4",0,0,0,0,0,0,1,"",0,0,0,0,0,1,0,0,0,0,1,0,0,"",0,57.29578
Bone,"スカート_5_5","Skirt_5_5",0,0,2.163796,9.289373,0.6733963,1,0,0,1,1,"スカート_4_5",1,"スカート_6_5",0,0,0,0,0,0,1,"",0,0,0,0,0,1,0,0,0,0,1,0,0,"",0,57.29578
Bone,"スカート_5_6","Skirt_5_6",0,0,1.656106,9.251149,1.243843,1,0,0,1,1,"スカート_4_6",1,"スカート_6_6",0,0,0,0,0,0,1,"",0,0,0,0,0,1,0,0,0,0,1,0,0,"",0,57.29578
Bone,"スカート_5_7","Skirt_5_7",0,0,0.8962843,9.21226,1.624789,1,0,0,1,1,"スカート_4_7",1,"スカート_6_7",0,0,0,0,0,0,1,"",0,0,0,0,0,1,0,0,0,0,1,0,0,"",0,57.29578
Bone,"スカート_5_8","Skirt_5_8",0,0,-1.160167E-06,9.195063,1.758534,1,0,0,1,1,"スカート_4_8",1,"スカート_6_8",0,0,0,0,0,0,1,"",0,0,0,0,0,1,0,0,0,0,1,0,0,"",0,57.29578
Bone,"スカート_5_9","Skirt_5_9",0,0,-0.8830215,9.208977,1.62483,1,0,0,1,1,"スカート_4_9",1,"スカート_6_9",0,0,0,0,0,0,1,"",0,0,0,0,0,1,0,0,0,0,1,0,0,"",0,57.29578
Bone,"スカート_5_10","Skirt_5_10",0,0,-1.631622,9.245081,1.243901,1,0,0,1,1,"スカート_4_10",1,"スカート_6_10",0,0,0,0,0,0,1,"",0,0,0,0,0,1,0,0,0,0,1,0,0,"",0,57.29578
Bone,"スカート_5_11","Skirt_5_11",0,0,-2.131828,9.281445,0.6734405,1,0,0,1,1,"スカート_4_11",1,"スカート_6_11",0,0,0,0,0,0,1,"",0,0,0,0,0,1,0,0,0,0,1,0,0,"",0,57.29578
Bone,"スカート_5_12","Skirt_5_12",0,0,-2.307478,9.296097,8.338669E-07,1,0,0,1,1,"スカート_4_12",1,"スカート_6_12",0,0,0,0,0,0,1,"",0,0,0,0,0,1,0,0,0,0,1,0,0,"",0,57.29578
Bone,"スカート_5_13","Skirt_5_13",0,0,-2.131829,9.279958,-0.4871784,1,0,0,1,1,"スカート_4_13",1,"スカート_6_13",0,0,0,0,0,0,1,"",0,0,0,0,0,1,0,0,0,0,1,0,0,"",0,57.29578
Bone,"スカート_5_14","Skirt_5_14",0,0,-1.631624,9.242333,-0.9006433,1,0,0,1,1,"スカート_4_14",1,"スカート_6_14",0,0,0,0,0,0,1,"",0,0,0,0,0,1,0,0,0,0,1,0,0,"",0,57.29578
Bone,"スカート_5_15","Skirt_5_15",0,0,-0.8830236,9.205386,-1.177151,1,0,0,1,1,"スカート_4_15",1,"スカート_6_15",0,0,0,0,0,0,1,"",0,0,0,0,0,1,0,0,0,0,1,0,0,"",0,57.29578
Bone,"スカート_6_0","Skirt_6_0",0,0,-3.365168E-06,8.66151,-1.391644,1,0,0,1,1,"スカート_5_0",1,"スカート_7_0",0,0,0,0,0,0,1,"",0,0,0,0,0,1,0,0,0,0,1,0,0,"",0,57.29578
Bone,"スカート_6_1","Skirt_6_1",0,0,0.9710013,8.687304,-1.285594,1,0,0,1,1,"スカート_5_1",1,"スカート_7_1",0,0,0,0,0,0,1,"",0,0,0,0,0,1,0,0,0,0,1,0,0,"",0,57.29578
Bone,"スカート_6_2","Skirt_6_2",0,0,1.794168,8.747296,-0.9836718,1,0,0,1,1,"スカート_5_2",1,"スカート_7_2",0,0,0,0,0,0,1,"",0,0,0,0,0,1,0,0,0,0,1,0,0,"",0,57.29578
Bone,"スカート_6_3","Skirt_6_3",0,0,2.344185,8.806499,-0.5321313,1,0,0,1,1,"スカート_5_3",1,"スカート_7_3",0,0,0,0,0,0,1,"",0,0,0,0,0,1,0,0,0,0,1,0,0,"",0,57.29578
Bone,"スカート_6_4","Skirt_6_4",0,0,2.537324,8.830041,-4.077158E-06,1,0,0,1,1,"スカート_5_4",1,"スカート_7_4",0,0,0,0,0,0,1,"",0,0,0,0,0,1,0,0,0,0,1,0,0,"",0,57.29578
Bone,"スカート_6_5","Skirt_6_5",0,0,2.344185,8.802859,0.7410495,1,0,0,1,1,"スカート_5_5",1,"スカート_7_5",0,0,0,0,0,0,1,"",0,0,0,0,0,1,0,0,0,0,1,0,0,"",0,57.29578
Bone,"スカート_6_6","Skirt_6_6",0,0,1.794169,8.740572,1.36886,1,0,0,1,1,"スカート_5_6",1,"スカート_7_6",0,0,0,0,0,0,1,"",0,0,0,0,0,1,0,0,0,0,1,0,0,"",0,57.29578
Bone,"スカート_6_7","Skirt_6_7",0,0,0.9710027,8.678516,1.788136,1,0,0,1,1,"スカート_5_7",1,"スカート_7_7",0,0,0,0,0,0,1,"",0,0,0,0,0,1,0,0,0,0,1,0,0,"",0,57.29578
Bone,"スカート_6_8","Skirt_6_8",0,0,-1.884892E-06,8.651999,1.935337,1,0,0,1,1,"スカート_5_8",1,"スカート_7_8",0,0,0,0,0,0,1,"",0,0,0,0,0,1,0,0,0,0,1,0,0,"",0,57.29578
Bone,"スカート_6_9","Skirt_6_9",0,0,-0.9603646,8.67577,1.788166,1,0,0,1,1,"スカート_5_9",1,"スカート_7_9",0,0,0,0,0,0,1,"",0,0,0,0,0,1,0,0,0,0,1,0,0,"",0,57.29578
Bone,"スカート_6_10","Skirt_6_10",0,0,-1.774532,8.735496,1.368901,1,0,0,1,1,"スカート_5_10",1,"スカート_7_10",0,0,0,0,0,0,1,"",0,0,0,0,0,1,0,0,0,0,1,0,0,"",0,57.29578
Bone,"スカート_6_11","Skirt_6_11",0,0,-2.318548,8.796227,0.7410825,1,0,0,1,1,"スカート_5_11",1,"スカート_7_11",0,0,0,0,0,0,1,"",0,0,0,0,0,1,0,0,0,0,1,0,0,"",0,57.29578
Bone,"スカート_6_12","Skirt_6_12",0,0,-2.509582,8.82286,1.978311E-06,1,0,0,1,1,"スカート_5_12",1,"スカート_7_12",0,0,0,0,0,0,1,"",0,0,0,0,0,1,0,0,0,0,1,0,0,"",0,57.29578
Bone,"スカート_6_13","Skirt_6_13",0,0,-2.318548,8.799866,-0.5320982,1,0,0,1,1,"スカート_5_13",1,"スカート_7_13",0,0,0,0,0,0,1,"",0,0,0,0,0,1,0,0,0,0,1,0,0,"",0,57.29578
Bone,"スカート_6_14","Skirt_6_14",0,0,-1.774534,8.742221,-0.9836305,1,0,0,1,1,"スカート_5_14",1,"スカート_7_14",0,0,0,0,0,0,1,"",0,0,0,0,0,1,0,0,0,0,1,0,0,"",0,57.29578
Bone,"スカート_6_15","Skirt_6_15",0,0,-0.960366,8.684556,-1.285564,1,0,0,1,1,"スカート_5_15",1,"スカート_7_15",0,0,0,0,0,0,1,"",0,0,0,0,0,1,0,0,0,0,1,0,0,"",0,57.29578
Bone,"スカート_7_0","Skirt_7_0",0,0,-3.245529E-06,8.102332,-1.510092,1,0,0,1,1,"スカート_6_0",1,"スカート_8_0",0,0,0,0,0,0,1,"",0,0,0,0,0,1,0,0,0,0,1,0,0,"",0,57.29578
Bone,"スカート_7_1","Skirt_7_1",0,0,1.043832,8.136822,-1.395021,1,0,0,1,1,"スカート_6_1",1,"スカート_8_1",0,0,0,0,0,0,1,"",0,0,0,0,0,1,0,0,0,0,1,0,0,"",0,57.29578
Bone,"スカート_7_2","Skirt_7_2",0,0,1.928739,8.218343,-1.067427,1,0,0,1,1,"スカート_6_2",1,"スカート_8_2",0,0,0,0,0,0,1,"",0,0,0,0,0,1,0,0,0,0,1,0,0,"",0,57.29578
Bone,"スカート_7_3","Skirt_7_3",0,0,2.520008,8.298757,-0.577464,1,0,0,1,1,"スカート_6_3",1,"スカート_8_3",0,0,0,0,0,0,1,"",0,0,0,0,0,1,0,0,0,0,1,0,0,"",0,57.29578
Bone,"スカート_7_4","Skirt_7_4",0,0,2.727633,8.330092,-4.814082E-06,1,0,0,1,1,"スカート_6_4",1,"スカート_8_4",0,0,0,0,0,0,1,"",0,0,0,0,0,1,0,0,0,0,1,0,0,"",0,57.29578
Bone,"スカート_7_5","Skirt_7_5",0,0,2.520008,8.291494,0.8069074,1,0,0,1,1,"スカート_6_5",1,"スカート_8_5",0,0,0,0,0,0,1,"",0,0,0,0,0,1,0,0,0,0,1,0,0,"",0,57.29578
Bone,"スカート_7_6","Skirt_7_6",0,0,1.928739,8.204924,1.490558,1,0,0,1,1,"スカート_6_6",1,"スカート_8_6",0,0,0,0,0,0,1,"",0,0,0,0,0,1,0,0,0,0,1,0,0,"",0,57.29578
Bone,"スカート_7_7","Skirt_7_7",0,0,1.043832,8.119288,1.947147,1,0,0,1,1,"スカート_6_7",1,"スカート_8_7",0,0,0,0,0,0,1,"",0,0,0,0,0,1,0,0,0,0,1,0,0,"",0,57.29578
Bone,"スカート_7_8","Skirt_7_8",0,0,-2.64779E-06,8.083354,2.107445,1,0,0,1,1,"スカート_6_8",1,"スカート_8_8",0,0,0,0,0,0,1,"",0,0,0,0,0,1,0,0,0,0,1,0,0,"",0,57.29578
Bone,"スカート_7_9","Skirt_7_9",0,0,-1.036343,8.117399,1.947161,1,0,0,1,1,"スカート_6_9",1,"スカート_8_9",0,0,0,0,0,0,1,"",0,0,0,0,0,1,0,0,0,0,1,0,0,"",0,57.29578
Bone,"スカート_7_10","Skirt_7_10",0,0,-1.914924,8.201432,1.490578,1,0,0,1,1,"スカート_6_10",1,"スカート_8_10",0,0,0,0,0,0,1,"",0,0,0,0,0,1,0,0,0,0,1,0,0,"",0,57.29578
Bone,"スカート_7_11","Skirt_7_11",0,0,-2.501979,8.286933,0.8069254,1,0,0,1,1,"スカート_6_11",1,"スカート_8_11",0,0,0,0,0,0,1,"",0,0,0,0,0,1,0,0,0,0,1,0,0,"",0,57.29578
Bone,"スカート_7_12","Skirt_7_12",0,0,-2.708127,8.325154,3.263332E-06,1,0,0,1,1,"スカート_6_12",1,"スカート_8_12",0,0,0,0,0,0,1,"",0,0,0,0,0,1,0,0,0,0,1,0,0,"",0,57.29578
Bone,"スカート_7_13","Skirt_7_13",0,0,-2.501979,8.294195,-0.5774459,1,0,0,1,1,"スカート_6_13",1,"スカート_8_13",0,0,0,0,0,0,1,"",0,0,0,0,0,1,0,0,0,0,1,0,0,"",0,57.29578
Bone,"スカート_7_14","Skirt_7_14",0,0,-1.914924,8.214852,-1.067407,1,0,0,1,1,"スカート_6_14",1,"スカート_8_14",0,0,0,0,0,0,1,"",0,0,0,0,0,1,0,0,0,0,1,0,0,"",0,57.29578
Bone,"スカート_7_15","Skirt_7_15",0,0,-1.036344,8.134933,-1.395007,1,0,0,1,1,"スカート_6_15",1,"スカート_8_15",0,0,0,0,0,0,1,"",0,0,0,0,0,1,0,0,0,0,1,0,0,"",0,57.29578
Bone,"スカート_8_0","Skirt_8_0",0,0,-3.081905E-06,7.512359,-1.62839,1,0,0,1,1,"スカート_7_0",1,"スカート_9_0",0,0,0,0,0,0,1,"",0,0,0,0,0,1,0,0,0,0,1,0,0,"",0,57.29578
Bone,"スカート_8_1","Skirt_8_1",0,0,1.113886,7.555947,-1.504315,1,0,0,1,1,"スカート_7_1",1,"スカート_9_1",0,0,0,0,0,0,1,"",0,0,0,0,0,1,0,0,0,0,1,0,0,"",0,57.29578
Bone,"スカート_8_2","Skirt_8_2",0,0,2.058182,7.66011,-1.15109,1,0,0,1,1,"スカート_7_2",1,"スカート_9_2",0,0,0,0,0,0,1,"",0,0,0,0,0,1,0,0,0,0,1,0,0,"",0,57.29578
Bone,"スカート_8_3","Skirt_8_3",0,0,2.689133,7.763134,-0.622753,1,0,0,1,1,"スカート_7_3",1,"スカート_9_3",0,0,0,0,0,0,1,"",0,0,0,0,0,1,0,0,0,0,1,0,0,"",0,57.29578
Bone,"スカート_8_4","Skirt_8_4",0,0,2.910692,7.803485,-5.548023E-06,1,0,0,1,1,"スカート_7_4",1,"スカート_9_4",0,0,0,0,0,0,1,"",0,0,0,0,0,1,0,0,0,0,1,0,0,"",0,57.29578
Bone,"スカート_8_5","Skirt_8_5",0,0,2.689133,7.754576,0.8704759,1,0,0,1,1,"スカート_7_5",1,"スカート_9_5",0,0,0,0,0,0,1,"",0,0,0,0,0,1,0,0,0,0,1,0,0,"",0,57.29578
Bone,"スカート_8_6","Skirt_8_6",0,0,2.058182,7.644295,1.608038,1,0,0,1,1,"スカート_7_6",1,"スカート_9_6",0,0,0,0,0,0,1,"",0,0,0,0,0,1,0,0,0,0,1,0,0,"",0,57.29578
Bone,"スカート_8_7","Skirt_8_7",0,0,1.113886,7.535285,2.100658,1,0,0,1,1,"スカート_7_7",1,"スカート_9_7",0,0,0,0,0,0,1,"",0,0,0,0,0,1,0,0,0,0,1,0,0,"",0,57.29578
Bone,"スカート_8_8","Skirt_8_8",0,0,-3.464558E-06,7.489994,2.273605,1,0,0,1,1,"スカート_7_8",1,"スカート_9_8",0,0,0,0,0,0,1,"",0,0,0,0,0,1,0,0,0,0,1,0,0,"",0,57.29578
Bone,"スカート_8_9","Skirt_8_9",0,0,-1.110734,7.534317,2.100659,1,0,0,1,1,"スカート_7_9",1,"スカート_9_9",0,0,0,0,0,0,1,"",0,0,0,0,0,1,0,0,0,0,1,0,0,"",0,57.29578
Bone,"スカート_8_10","Skirt_8_10",0,0,-2.05238,7.642506,1.608041,1,0,0,1,1,"スカート_7_10",1,"スカート_9_10",0,0,0,0,0,0,1,"",0,0,0,0,0,1,0,0,0,0,1,0,0,"",0,57.29578
Bone,"スカート_8_11","Skirt_8_11",0,0,-2.681575,7.752238,0.8704826,1,0,0,1,1,"スカート_7_11",1,"スカート_9_11",0,0,0,0,0,0,1,"",0,0,0,0,0,1,0,0,0,0,1,0,0,"",0,57.29578
Bone,"スカート_8_12","Skirt_8_12",0,0,-2.90252,7.800955,4.71076E-06,1,0,0,1,1,"スカート_7_12",1,"スカート_9_12",0,0,0,0,0,0,1,"",0,0,0,0,0,1,0,0,0,0,1,0,0,"",0,57.29578
Bone,"スカート_8_13","Skirt_8_13",0,0,-2.681575,7.760797,-0.6227463,1,0,0,1,1,"スカート_7_13",1,"スカート_9_13",0,0,0,0,0,0,1,"",0,0,0,0,0,1,0,0,0,0,1,0,0,"",0,57.29578
Bone,"スカート_8_14","Skirt_8_14",0,0,-2.05238,7.658321,-1.151086,1,0,0,1,1,"スカート_7_14",1,"スカート_9_14",0,0,0,0,0,0,1,"",0,0,0,0,0,1,0,0,0,0,1,0,0,"",0,57.29578
Bone,"スカート_8_15","Skirt_8_15",0,0,-1.110734,7.554979,-1.504314,1,0,0,1,1,"スカート_7_15",1,"スカート_9_15",0,0,0,0,0,0,1,"",0,0,0,0,0,1,0,0,0,0,1,0,0,"",0,57.29578
Bone,"スカート_9_0","Skirt_9_0",0,0,-2.903492E-06,6.890307,-1.745281,1,0,0,0,1,"スカート_8_0",0,"",0,0,0,0,0,0,1,"",0,0,0,0,0,1,0,0,0,0,1,0,0,"",0,57.29578
Bone,"スカート_9_1","Skirt_9_1",0,0,1.180278,6.943406,-1.612321,1,0,0,0,1,"スカート_8_1",0,"",0,0,0,0,0,0,1,"",0,0,0,0,0,1,0,0,0,0,1,0,0,"",0,57.29578
Bone,"スカート_9_2","Skirt_9_2",0,0,2.180862,7.071167,-1.233783,1,0,0,0,1,"スカート_8_2",0,"",0,0,0,0,0,0,1,"",0,0,0,0,0,1,0,0,0,0,1,0,0,"",0,57.29578
Bone,"スカート_9_3","Skirt_9_3",0,0,2.849427,7.198107,-0.6675308,1,0,0,0,1,"スカート_8_3",0,"",0,0,0,0,0,0,1,"",0,0,0,0,0,1,0,0,0,0,1,0,0,"",0,57.29578
Bone,"スカート_9_4","Skirt_9_4",0,0,3.084195,7.248868,-6.268732E-06,1,0,0,0,1,"スカート_8_4",0,"",0,0,0,0,0,0,1,"",0,0,0,0,0,1,0,0,0,0,1,0,0,"",0,57.29578
Bone,"スカート_9_5","Skirt_9_5",0,0,2.849427,7.191402,0.9312612,1,0,0,0,1,"スカート_8_5",0,"",0,0,0,0,0,0,1,"",0,0,0,0,0,1,0,0,0,0,1,0,0,"",0,57.29578
Bone,"スカート_9_6","Skirt_9_6",0,0,2.180861,7.058777,1.7204,1,0,0,0,1,"スカート_8_6",0,"",0,0,0,0,0,0,1,"",0,0,0,0,0,1,0,0,0,0,1,0,0,"",0,57.29578
Bone,"スカート_9_7","Skirt_9_7",0,0,1.180276,6.927217,2.247505,1,0,0,0,1,"スカート_8_7",0,"",0,0,0,0,0,0,1,"",0,0,0,0,0,1,0,0,0,0,1,0,0,"",0,57.29578
Bone,"スカート_9_8","Skirt_9_8",0,0,-4.350896E-06,6.872785,2.432564,1,0,0,0,1,"スカート_8_8",0,"",0,0,0,0,0,0,1,"",0,0,0,0,0,1,0,0,0,0,1,0,0,"",0,57.29578
Bone,"スカート_9_9","Skirt_9_9",0,0,-1.183315,6.926975,2.247504,1,0,0,0,1,"スカート_8_9",0,"",0,0,0,0,0,0,1,"",0,0,0,0,0,1,0,0,0,0,1,0,0,"",0,57.29578
Bone,"スカート_9_10","Skirt_9_10",0,0,-2.186486,7.05833,1.720401,1,0,0,0,1,"スカート_8_10",0,"",0,0,0,0,0,0,1,"",0,0,0,0,0,1,0,0,0,0,1,0,0,"",0,57.29578
Bone,"スカート_9_11","Skirt_9_11",0,0,-2.856788,7.190817,0.9312675,1,0,0,0,1,"スカート_8_11",0,"",0,0,0,0,0,0,1,"",0,0,0,0,0,1,0,0,0,0,1,0,0,"",0,57.29578
Bone,"スカート_9_12","Skirt_9_12",0,0,-3.092167,7.248235,6.342423E-06,1,0,0,0,1,"スカート_8_12",0,"",0,0,0,0,0,0,1,"",0,0,0,0,0,1,0,0,0,0,1,0,0,"",0,57.29578
Bone,"スカート_9_13","Skirt_9_13",0,0,-2.856787,7.197523,-0.6675245,1,0,0,0,1,"スカート_8_13",0,"",0,0,0,0,0,0,1,"",0,0,0,0,0,1,0,0,0,0,1,0,0,"",0,57.29578
Bone,"スカート_9_14","Skirt_9_14",0,0,-2.186486,7.07072,-1.233781,1,0,0,0,1,"スカート_8_14",0,"",0,0,0,0,0,0,1,"",0,0,0,0,0,1,0,0,0,0,1,0,0,"",0,57.29578
Bone,"スカート_9_15","Skirt_9_15",0,0,-1.183314,6.943163,-1.612321,1,0,0,0,1,"スカート_8_15",0,"",0,0,0,0,0,0,1,"",0,0,0,0,0,1,0,0,0,0,1,0,0,"",0,57.29578
Bone,"左後上＿1＿1","",0,0,1.182893,16.61394,0.6368793,1,0,0,1,1,"頭",1,"左後上＿1＿2",0,0,0,0,0,0,1,"",0,0,0,0,0,1,0,0,0,0,1,0,0,"",0,57.29578
Bone,"左後上＿1＿2","",0,0,1.23853,16.02683,0.7370097,1,0,0,1,1,"左後上＿1＿1",1,"左後上＿1＿3",0,0,0,0,0,0,1,"",0,0,0,0,0,1,0,0,0,0,1,0,0,"",0,57.29578
Bone,"左後上＿1＿3","",0,0,1.443283,15.3791,1.008962,1,0,0,1,1,"左後上＿1＿2",1,"左後上＿1＿4",0,0,0,0,0,0,1,"",0,0,0,0,0,1,0,0,0,0,1,0,0,"",0,57.29578
Bone,"左後上＿1＿4","",0,0,1.817568,14.80688,1.388932,1,0,0,1,1,"左後上＿1＿3",1,"左後上＿1＿5",0,0,0,0,0,0,1,"",0,0,0,0,0,1,0,0,0,0,1,0,0,"",0,57.29578
Bone,"左後上＿1＿5","",0,0,2.228604,14.27201,1.69737,1,0,0,1,1,"左後上＿1＿4",1,"左後上＿1＿6",0,0,0,0,0,0,1,"",0,0,0,0,0,1,0,0,0,0,1,0,0,"",0,57.29578
Bone,"左後上＿1＿6","",0,0,2.604037,13.62694,1.919618,1,0,0,1,1,"左後上＿1＿5",1,"左後上＿1＿7",0,0,0,0,0,0,1,"",0,0,0,0,0,1,0,0,0,0,1,0,0,"",0,57.29578
Bone,"左後上＿1＿7","",0,0,2.754102,12.98073,1.948975,1,0,0,1,1,"左後上＿1＿6",1,"左後上＿1＿先",0,0,0,0,0,0,1,"",0,0,0,0,0,1,0,0,0,0,1,0,0,"",0,57.29578
Bone,"左後上＿1＿先","",0,0,2.561922,12.25124,1.771346,1,0,0,0,1,"左後上＿1＿7",0,"",0,0,0,0,0,0,1,"",0,0,0,0,0,1,0,0,0,0,1,0,0,"",0,57.29578
Bone,"左後上＿2＿1","",0,0,1.24119,16.22376,0.9992509,1,0,0,1,1,"頭",1,"左後上＿2＿2",0,0,0,0,0,0,1,"",0,0,0,0,0,1,0,0,0,0,1,0,0,"",0,57.29578
Bone,"左後上＿2＿2","",0,0,1.303934,15.75219,1.219029,1,0,0,1,1,"左後上＿2＿1",1,"左後上＿2＿3",0,0,0,0,0,0,1,"",0,0,0,0,0,1,0,0,0,0,1,0,0,"",0,57.29578
Bone,"左後上＿2＿3","",0,0,1.452663,15.17036,1.574147,1,0,0,1,1,"左後上＿2＿2",1,"左後上＿2＿4",0,0,0,0,0,0,1,"",0,0,0,0,0,1,0,0,0,0,1,0,0,"",0,57.29578
Bone,"左後上＿2＿4","",0,0,1.725818,14.63748,1.954616,1,0,0,1,1,"左後上＿2＿3",1,"左後上＿2＿5",0,0,0,0,0,0,1,"",0,0,0,0,0,1,0,0,0,0,1,0,0,"",0,57.29578
Bone,"左後上＿2＿5","",0,0,2.053854,14.06345,2.282637,1,0,0,1,1,"左後上＿2＿4",1,"左後上＿2＿6",0,0,0,0,0,0,1,"",0,0,0,0,0,1,0,0,0,0,1,0,0,"",0,57.29578
Bone,"左後上＿2＿6","",0,0,2.29657,13.42293,2.441435,1,0,0,1,1,"左後上＿2＿5",1,"左後上＿2＿7",0,0,0,0,0,0,1,"",0,0,0,0,0,1,0,0,0,0,1,0,0,"",0,57.29578
Bone,"左後上＿2＿7","",0,0,2.360272,12.77822,2.511714,1,0,0,1,1,"左後上＿2＿6",1,"左後上＿2＿先",0,0,0,0,0,0,1,"",0,0,0,0,0,1,0,0,0,0,1,0,0,"",0,57.29578
Bone,"左後上＿2＿先","",0,0,1.913214,12.08256,2.318111,1,0,0,0,1,"左後上＿2＿7",0,"",0,0,0,0,0,0,1,"",0,0,0,0,0,1,0,0,0,0,1,0,0,"",0,57.29578
Bone,"左後上＿3＿1","",0,0,1.090763,16.22866,1.287992,1,0,0,1,1,"頭",1,"左後上＿3＿2",0,0,0,0,0,0,1,"",0,0,0,0,0,1,0,0,0,0,1,0,0,"",0,57.29578
Bone,"左後上＿3＿2","",0,0,1.149049,15.74186,1.539647,1,0,0,1,1,"左後上＿3＿1",1,"左後上＿3＿3",0,0,0,0,0,0,1,"",0,0,0,0,0,1,0,0,0,0,1,0,0,"",0,57.29578
Bone,"左後上＿3＿3","",0,0,1.218285,15.23114,1.898201,1,0,0,1,1,"左後上＿3＿2",1,"左後上＿3＿4",0,0,0,0,0,0,1,"",0,0,0,0,0,1,0,0,0,0,1,0,0,"",0,57.29578
Bone,"左後上＿3＿4","",0,0,1.396612,14.57376,2.291928,1,0,0,1,1,"左後上＿3＿3",1,"左後上＿3＿5",0,0,0,0,0,0,1,"",0,0,0,0,0,1,0,0,0,0,1,0,0,"",0,57.29578
Bone,"左後上＿3＿5","",0,0,1.606804,14.00418,2.632728,1,0,0,1,1,"左後上＿3＿4",1,"左後上＿3＿6",0,0,0,0,0,0,1,"",0,0,0,0,0,1,0,0,0,0,1,0,0,"",0,57.29578
Bone,"左後上＿3＿6","",0,0,1.754284,13.479,2.828801,1,0,0,1,1,"左後上＿3＿5",1,"左後上＿3＿7",0,0,0,0,0,0,1,"",0,0,0,0,0,1,0,0,0,0,1,0,0,"",0,57.29578
Bone,"左後上＿3＿7","",0,0,1.754284,12.76629,2.816324,1,0,0,1,1,"左後上＿3＿6",1,"左後上＿3＿先",0,0,0,0,0,0,1,"",0,0,0,0,0,1,0,0,0,0,1,0,0,"",0,57.29578
Bone,"左後上＿3＿先","",0,0,1.293149,12.03306,2.396092,1,0,0,0,1,"左後上＿3＿7",0,"",0,0,0,0,0,0,1,"",0,0,0,0,0,1,0,0,0,0,1,0,0,"",0,57.29578
Bone,"左後上＿4＿1","",0,0,0.8185324,16.25998,1.526088,1,0,0,1,1,"頭",1,"左後上＿4＿2",0,0,0,0,0,0,1,"",0,0,0,0,0,1,0,0,0,0,1,0,0,"",0,57.29578
Bone,"左後上＿4＿2","",0,0,0.871918,15.80376,1.782209,1,0,0,1,1,"左後上＿4＿1",1,"左後上＿4＿3",0,0,0,0,0,0,1,"",0,0,0,0,0,1,0,0,0,0,1,0,0,"",0,57.29578
Bone,"左後上＿4＿3","",0,0,0.9673815,15.26256,2.171285,1,0,0,1,1,"左後上＿4＿2",1,"左後上＿4＿4",0,0,0,0,0,0,1,"",0,0,0,0,0,1,0,0,0,0,1,0,0,"",0,57.29578
Bone,"左後上＿4＿4","",0,0,1.066483,14.63081,2.577124,1,0,0,1,1,"左後上＿4＿3",1,"左後上＿4＿5",0,0,0,0,0,0,1,"",0,0,0,0,0,1,0,0,0,0,1,0,0,"",0,57.29578
Bone,"左後上＿4＿5","",0,0,1.192872,13.94433,2.912883,1,0,0,1,1,"左後上＿4＿4",1,"左後上＿4＿6",0,0,0,0,0,0,1,"",0,0,0,0,0,1,0,0,0,0,1,0,0,"",0,57.29578
Bone,"左後上＿4＿6","",0,0,1.288664,13.41544,3.092025,1,0,0,1,1,"左後上＿4＿5",1,"左後上＿4＿7",0,0,0,0,0,0,1,"",0,0,0,0,0,1,0,0,0,0,1,0,0,"",0,57.29578
Bone,"左後上＿4＿7","",0,0,1.269096,12.7951,3.07529,1,0,0,1,1,"左後上＿4＿6",1,"左後上＿4＿先",0,0,0,0,0,0,1,"",0,0,0,0,0,1,0,0,0,0,1,0,0,"",0,57.29578
Bone,"左後上＿4＿先","",0,0,0.7713035,12.01663,2.761829,1,0,0,0,1,"左後上＿4＿7",0,"",0,0,0,0,0,0,1,"",0,0,0,0,0,1,0,0,0,0,1,0,0,"",0,57.29578
Bone,"左後上＿5＿1","",0,0,0.5559852,16.27764,1.681121,1,0,0,1,1,"頭",1,"左後上＿5＿2",0,0,0,0,0,0,1,"",0,0,0,0,0,1,0,0,0,0,1,0,0,"",0,57.29578
Bone,"左後上＿5＿2","",0,0,0.6136104,15.76578,2.015986,1,0,0,1,1,"左後上＿5＿1",1,"左後上＿5＿3",0,0,0,0,0,0,1,"",0,0,0,0,0,1,0,0,0,0,1,0,0,"",0,57.29578
Bone,"左後上＿5＿3","",0,0,0.6919984,15.274,2.368559,1,0,0,1,1,"左後上＿5＿2",1,"左後上＿5＿4",0,0,0,0,0,0,1,"",0,0,0,0,0,1,0,0,0,0,1,0,0,"",0,57.29578
Bone,"左後上＿5＿4","",0,0,0.7907619,14.65162,2.815359,1,0,0,1,1,"左後上＿5＿3",1,"左後上＿5＿5",0,0,0,0,0,0,1,"",0,0,0,0,0,1,0,0,0,0,1,0,0,"",0,57.29578
Bone,"左後上＿5＿5","",0,0,0.8737156,13.9733,3.126633,1,0,0,1,1,"左後上＿5＿4",1,"左後上＿5＿6",0,0,0,0,0,0,1,"",0,0,0,0,0,1,0,0,0,0,1,0,0,"",0,57.29578
Bone,"左後上＿5＿6","",0,0,0.893046,13.38621,3.274009,1,0,0,1,1,"左後上＿5＿5",1,"左後上＿5＿7",0,0,0,0,0,0,1,"",0,0,0,0,0,1,0,0,0,0,1,0,0,"",0,57.29578
Bone,"左後上＿5＿7","",0,0,0.8632364,12.80097,3.220515,1,0,0,1,1,"左後上＿5＿6",1,"左後上＿5＿先",0,0,0,0,0,0,1,"",0,0,0,0,0,1,0,0,0,0,1,0,0,"",0,57.29578
Bone,"左後上＿5＿先","",0,0,0.4533198,11.98679,2.859998,1,0,0,0,1,"左後上＿5＿7",0,"",0,0,0,0,0,0,1,"",0,0,0,0,0,1,0,0,0,0,1,0,0,"",0,57.29578
Bone,"左後上＿6＿1","",0,0,0.2971157,16.29794,1.681122,1,0,0,1,1,"頭",1,"左後上＿6＿2",0,0,0,0,0,0,1,"",0,0,0,0,0,1,0,0,0,0,1,0,0,"",0,57.29578
Bone,"左後上＿6＿2","",0,0,0.3383723,15.80757,2.127595,1,0,0,1,1,"左後上＿6＿1",1,"左後上＿6＿3",0,0,0,0,0,0,1,"",0,0,0,0,0,1,0,0,0,0,1,0,0,"",0,57.29578
Bone,"左後上＿6＿3","",0,0,0.4089601,15.2705,2.585718,1,0,0,1,1,"左後上＿6＿2",1,"左後上＿6＿4",0,0,0,0,0,0,1,"",0,0,0,0,0,1,0,0,0,0,1,0,0,"",0,57.29578
Bone,"左後上＿6＿4","",0,0,0.447147,14.65864,2.943404,1,0,0,1,1,"左後上＿6＿3",1,"左後上＿6＿5",0,0,0,0,0,0,1,"",0,0,0,0,0,1,0,0,0,0,1,0,0,"",0,57.29578
Bone,"左後上＿6＿5","",0,0,0.4811393,13.95161,3.285057,1,0,0,1,1,"左後上＿6＿4",1,"左後上＿6＿6",0,0,0,0,0,0,1,"",0,0,0,0,0,1,0,0,0,0,1,0,0,"",0,57.29578
Bone,"左後上＿6＿6","",0,0,0.4811393,13.37374,3.416533,1,0,0,1,1,"左後上＿6＿5",1,"左後上＿6＿7",0,0,0,0,0,0,1,"",0,0,0,0,0,1,0,0,0,0,1,0,0,"",0,57.29578
Bone,"左後上＿6＿7","",0,0,0.453946,12.80268,3.332485,1,0,0,1,1,"左後上＿6＿6",1,"左後上＿6＿先",0,0,0,0,0,0,1,"",0,0,0,0,0,1,0,0,0,0,1,0,0,"",0,57.29578
Bone,"左後上＿6＿先","",0,0,0.1956069,12.02086,2.943404,1,0,0,0,1,"左後上＿6＿7",0,"",0,0,0,0,0,0,1,"",0,0,0,0,0,1,0,0,0,0,1,0,0,"",0,57.29578
Bone,"左後上＿7＿1","",0,0,0.07956685,16.38405,1.780757,1,0,0,1,1,"頭",1,"左後上＿7＿2",0,0,0,0,0,0,1,"",0,0,0,0,0,1,0,0,0,0,1,0,0,"",0,57.29578
Bone,"左後上＿7＿2","",0,0,0.1158252,15.81073,2.249201,1,0,0,1,1,"左後上＿7＿1",1,"左後上＿7＿3",0,0,0,0,0,0,1,"",0,0,0,0,0,1,0,0,0,0,1,0,0,"",0,57.29578
Bone,"左後上＿7＿3","",0,0,0.1339544,15.25552,2.657106,1,0,0,1,1,"左後上＿7＿2",1,"左後上＿7＿4",0,0,0,0,0,0,1,"",0,0,0,0,0,1,0,0,0,0,1,0,0,"",0,57.29578
Bone,"左後上＿7＿4","",0,0,0.1339544,14.655,3.019687,1,0,0,1,1,"左後上＿7＿3",1,"左後上＿7＿5",0,0,0,0,0,0,1,"",0,0,0,0,0,1,0,0,0,0,1,0,0,"",0,57.29578
Bone,"左後上＿7＿5","",0,0,0.1339544,13.96382,3.370938,1,0,0,1,1,"左後上＿7＿4",1,"左後上＿7＿6",0,0,0,0,0,0,1,"",0,0,0,0,0,1,0,0,0,0,1,0,0,"",0,57.29578
Bone,"左後上＿7＿6","",0,0,0.1339544,13.37463,3.455918,1,0,0,1,1,"左後上＿7＿5",1,"左後上＿7＿7",0,0,0,0,0,0,1,"",0,0,0,0,0,1,0,0,0,0,1,0,0,"",0,57.29578
Bone,"左後上＿7＿7","",0,0,0.1339544,12.79676,3.376603,1,0,0,1,1,"左後上＿7＿6",1,"左後上＿7＿先",0,0,0,0,0,0,1,"",0,0,0,0,0,1,0,0,0,0,1,0,0,"",0,57.29578
Bone,"左後上＿7＿先","",0,0,0.09996201,11.96962,2.923376,1,0,0,0,1,"左後上＿7＿7",0,"",0,0,0,0,0,0,1,"",0,0,0,0,0,1,0,0,0,0,1,0,0,"",0,57.29578
Bone,"左後下＿1＿1","",0,0,0.9662877,16.81443,0.6708738,1,0,0,1,1,"頭",1,"左後下＿1＿2",0,0,0,0,0,0,1,"",0,0,0,0,0,1,0,0,0,0,1,0,0,"",0,57.29578
Bone,"左後下＿1＿2","",0,0,0.9952626,16.11063,0.8350233,1,0,0,1,1,"左後下＿1＿1",1,"左後下＿1＿3",0,0,0,0,0,0,1,"",0,0,0,0,0,1,0,0,0,0,1,0,0,"",0,57.29578
Bone,"左後下＿1＿3","",0,0,1.136434,15.42471,1.109215,1,0,0,1,1,"左後下＿1＿2",1,"左後下＿1＿4",0,0,0,0,0,0,1,"",0,0,0,0,0,1,0,0,0,0,1,0,0,"",0,57.29578
Bone,"左後下＿1＿4","",0,0,1.42381,14.89546,1.432808,1,0,0,1,1,"左後下＿1＿3",1,"左後下＿1＿5",0,0,0,0,0,0,1,"",0,0,0,0,0,1,0,0,0,0,1,0,0,"",0,57.29578
Bone,"左後下＿1＿5","",0,0,1.811774,14.27046,1.838103,1,0,0,1,1,"左後下＿1＿4",1,"左後下＿1＿6",0,0,0,0,0,0,1,"",0,0,0,0,0,1,0,0,0,0,1,0,0,"",0,57.29578
Bone,"左後下＿1＿6","",0,0,2.071269,13.61661,2.069201,1,0,0,1,1,"左後下＿1＿5",1,"左後下＿1＿7",0,0,0,0,0,0,1,"",0,0,0,0,0,1,0,0,0,0,1,0,0,"",0,57.29578
Bone,"左後下＿1＿7","",0,0,2.14272,13.04241,2.140064,1,0,0,1,1,"左後下＿1＿6",1,"左後下＿1＿8",0,0,0,0,0,0,1,"",0,0,0,0,0,1,0,0,0,0,1,0,0,"",0,57.29578
Bone,"左後下＿1＿8","",0,0,2.003548,12.43816,2.066104,1,0,0,1,1,"左後下＿1＿7",1,"左後下＿1＿先",0,0,0,0,0,0,1,"",0,0,0,0,0,1,0,0,0,0,1,0,0,"",0,57.29578
Bone,"左後下＿1＿先","",0,0,1.56821,11.8736,1.916148,1,0,0,0,1,"左後下＿1＿8",0,"",0,0,0,0,0,0,1,"",0,0,0,0,0,1,0,0,0,0,1,0,0,"",0,57.29578
Bone,"左後下＿2＿1","",0,0,0.8587695,16.56267,1.097437,1,0,0,1,1,"頭",1,"左後下＿2＿2",0,0,0,0,0,0,1,"",0,0,0,0,0,1,0,0,0,0,1,0,0,"",0,57.29578
Bone,"左後下＿2＿2","",0,0,0.9237518,16.02726,1.290551,1,0,0,1,1,"左後下＿2＿1",1,"左後下＿2＿3",0,0,0,0,0,0,1,"",0,0,0,0,0,1,0,0,0,0,1,0,0,"",0,57.29578
Bone,"左後下＿2＿3","",0,0,1.058426,15.43325,1.513439,1,0,0,1,1,"左後下＿2＿2",1,"左後下＿2＿4",0,0,0,0,0,0,1,"",0,0,0,0,0,1,0,0,0,0,1,0,0,"",0,57.29578
Bone,"左後下＿2＿4","",0,0,1.233018,14.92226,1.802434,1,0,0,1,1,"左後下＿2＿3",1,"左後下＿2＿5",0,0,0,0,0,0,1,"",0,0,0,0,0,1,0,0,0,0,1,0,0,"",0,57.29578
Bone,"左後下＿2＿5","",0,0,1.495108,14.25452,2.192703,1,0,0,1,1,"左後下＿2＿4",1,"左後下＿2＿6",0,0,0,0,0,0,1,"",0,0,0,0,0,1,0,0,0,0,1,0,0,"",0,57.29578
Bone,"左後下＿2＿6","",0,0,1.675019,13.62006,2.390272,1,0,0,1,1,"左後下＿2＿5",1,"左後下＿2＿7",0,0,0,0,0,0,1,"",0,0,0,0,0,1,0,0,0,0,1,0,0,"",0,57.29578
Bone,"左後下＿2＿7","",0,0,1.728983,13.01676,2.486668,1,0,0,1,1,"左後下＿2＿6",1,"左後下＿2＿8",0,0,0,0,0,0,1,"",0,0,0,0,0,1,0,0,0,0,1,0,0,"",0,57.29578
Bone,"左後下＿2＿8","",0,0,1.579751,12.48426,2.468006,1,0,0,1,1,"左後下＿2＿7",1,"左後下＿2＿先",0,0,0,0,0,0,1,"",0,0,0,0,0,1,0,0,0,0,1,0,0,"",0,57.29578
Bone,"左後下＿2＿先","",0,0,1.158267,12.01233,2.242146,1,0,0,0,1,"左後下＿2＿8",0,"",0,0,0,0,0,0,1,"",0,0,0,0,0,1,0,0,0,0,1,0,0,"",0,57.29578
Bone,"左後下＿3＿1","",0,0,0.5969654,16.47973,1.103589,1,0,0,1,1,"頭",1,"左後下＿3＿2",0,0,0,0,0,0,1,"",0,0,0,0,0,1,0,0,0,0,1,0,0,"",0,57.29578
Bone,"左後下＿3＿2","",0,0,0.6439566,15.95753,1.351059,1,0,0,1,1,"左後下＿3＿1",1,"左後下＿3＿3",0,0,0,0,0,0,1,"",0,0,0,0,0,1,0,0,0,0,1,0,0,"",0,57.29578
Bone,"左後下＿3＿3","",0,0,0.747121,15.38775,1.619521,1,0,0,1,1,"左後下＿3＿2",1,"左後下＿3＿4",0,0,0,0,0,0,1,"",0,0,0,0,0,1,0,0,0,0,1,0,0,"",0,57.29578
Bone,"左後下＿3＿4","",0,0,0.8532002,14.79182,1.910948,1,0,0,1,1,"左後下＿3＿3",1,"左後下＿3＿5",0,0,0,0,0,0,1,"",0,0,0,0,0,1,0,0,0,0,1,0,0,"",0,57.29578
Bone,"左後下＿3＿5","",0,0,0.9458761,14.20255,2.207821,1,0,0,1,1,"左後下＿3＿4",1,"左後下＿3＿6",0,0,0,0,0,0,1,"",0,0,0,0,0,1,0,0,0,0,1,0,0,"",0,57.29578
Bone,"左後下＿3＿6","",0,0,1.083209,13.56955,2.480357,1,0,0,1,1,"左後下＿3＿5",1,"左後下＿3＿7",0,0,0,0,0,0,1,"",0,0,0,0,0,1,0,0,0,0,1,0,0,"",0,57.29578
Bone,"左後下＿3＿7","",0,0,1.113214,13.05532,2.572401,1,0,0,1,1,"左後下＿3＿6",1,"左後下＿3＿8",0,0,0,0,0,0,1,"",0,0,0,0,0,1,0,0,0,0,1,0,0,"",0,57.29578
Bone,"左後下＿3＿8","",0,0,1.047603,12.51346,2.574081,1,0,0,1,1,"左後下＿3＿7",1,"左後下＿3＿先",0,0,0,0,0,0,1,"",0,0,0,0,0,1,0,0,0,0,1,0,0,"",0,57.29578
Bone,"左後下＿3＿先","",0,0,0.6937192,11.98989,2.306417,1,0,0,0,1,"左後下＿3＿8",0,"",0,0,0,0,0,0,1,"",0,0,0,0,0,1,0,0,0,0,1,0,0,"",0,57.29578
Bone,"左後下＿4＿1","",0,0,0.3246514,16.59969,1.290538,1,0,0,1,1,"頭",1,"左後下＿4＿2",0,0,0,0,0,0,1,"",0,0,0,0,0,1,0,0,0,0,1,0,0,"",0,57.29578
Bone,"左後下＿4＿2","",0,0,0.3388714,15.8004,1.633043,1,0,0,1,1,"左後下＿4＿1",1,"左後下＿4＿3",0,0,0,0,0,0,1,"",0,0,0,0,0,1,0,0,0,0,1,0,0,"",0,57.29578
Bone,"左後下＿4＿3","",0,0,0.4310074,15.2845,1.91428,1,0,0,1,1,"左後下＿4＿2",1,"左後下＿4＿4",0,0,0,0,0,0,1,"",0,0,0,0,0,1,0,0,0,0,1,0,0,"",0,57.29578
Bone,"左後下＿4＿4","",0,0,0.5085424,14.73251,2.190395,1,0,0,1,1,"左後下＿4＿3",1,"左後下＿4＿5",0,0,0,0,0,0,1,"",0,0,0,0,0,1,0,0,0,0,1,0,0,"",0,57.29578
Bone,"左後下＿4＿5","",0,0,0.5516534,14.1181,2.475651,1,0,0,1,1,"左後下＿4＿4",1,"左後下＿4＿6",0,0,0,0,0,0,1,"",0,0,0,0,0,1,0,0,0,0,1,0,0,"",0,57.29578
Bone,"左後下＿4＿6","",0,0,0.6088098,13.58477,2.591262,1,0,0,1,1,"左後下＿4＿5",1,"左後下＿4＿7",0,0,0,0,0,0,1,"",0,0,0,0,0,1,0,0,0,0,1,0,0,"",0,57.29578
Bone,"左後下＿4＿7","",0,0,0.6190918,13.05893,2.696126,1,0,0,1,1,"左後下＿4＿6",1,"左後下＿4＿8",0,0,0,0,0,0,1,"",0,0,0,0,0,1,0,0,0,0,1,0,0,"",0,57.29578
Bone,"左後下＿4＿8","",0,0,0.5435851,12.46194,2.680994,1,0,0,1,1,"左後下＿4＿7",1,"左後下＿4＿先",0,0,0,0,0,0,1,"",0,0,0,0,0,1,0,0,0,0,1,0,0,"",0,57.29578
Bone,"左後下＿4＿先","",0,0,0.2366236,11.94246,2.529165,1,0,0,0,1,"左後下＿4＿8",0,"",0,0,0,0,0,0,1,"",0,0,0,0,0,1,0,0,0,0,1,0,0,"",0,57.29578
Bone,"左後中＿1＿1","",0,0,0.6394844,16.61774,0.7687178,1,0,0,1,1,"頭",1,"左後中＿1＿2",0,0,0,0,0,0,1,"",0,0,0,0,0,1,0,0,0,0,1,0,0,"",0,57.29578
Bone,"左後中＿1＿2","",0,0,0.7124159,15.96909,1.023328,1,0,0,1,1,"左後中＿1＿1",1,"左後中＿1＿3",0,0,0,0,0,0,1,"",0,0,0,0,0,1,0,0,0,0,1,0,0,"",0,57.29578
Bone,"左後中＿1＿3","",0,0,0.8184983,15.31934,1.328314,1,0,0,1,1,"左後中＿1＿2",1,"左後中＿1＿4",0,0,0,0,0,0,1,"",0,0,0,0,0,1,0,0,0,0,1,0,0,"",0,57.29578
Bone,"左後中＿1＿4","",0,0,0.973201,14.73147,1.622252,1,0,0,1,1,"左後中＿1＿3",1,"左後中＿1＿5",0,0,0,0,0,0,1,"",0,0,0,0,0,1,0,0,0,0,1,0,0,"",0,57.29578
Bone,"左後中＿1＿5","",0,0,1.16658,14.12812,1.88525,1,0,0,1,1,"左後中＿1＿4",1,"左後中＿1＿6",0,0,0,0,0,0,1,"",0,0,0,0,0,1,0,0,0,0,1,0,0,"",0,57.29578
Bone,"左後中＿1＿6","",0,0,1.290342,13.56235,2.026694,1,0,0,1,1,"左後中＿1＿5",1,"左後中＿1＿7",0,0,0,0,0,0,1,"",0,0,0,0,0,1,0,0,0,0,1,0,0,"",0,57.29578
Bone,"左後中＿1＿7","",0,0,1.369904,13.0673,2.088578,1,0,0,1,1,"左後中＿1＿6",1,"左後中＿1＿8",0,0,0,0,0,0,1,"",0,0,0,0,0,1,0,0,0,0,1,0,0,"",0,57.29578
Bone,"左後中＿1＿8","",0,0,1.254981,12.52805,2.079739,1,0,0,1,1,"左後中＿1＿7",1,"左後中＿1＿先",0,0,0,0,0,0,1,"",0,0,0,0,0,1,0,0,0,0,1,0,0,"",0,57.29578
Bone,"左後中＿1＿先","",0,0,0.9455753,12.00648,2.026698,1,0,0,0,1,"左後中＿1＿8",0,"",0,0,0,0,0,0,1,"",0,0,0,0,0,1,0,0,0,0,1,0,0,"",0,57.29578
Bone,"左後中＿2＿1","",0,0,0.4007997,16.62437,0.8792199,1,0,0,1,1,"頭",1,"左後中＿2＿2",0,0,0,0,0,0,1,"",0,0,0,0,0,1,0,0,0,0,1,0,0,"",0,57.29578
Bone,"左後中＿2＿2","",0,0,0.4582617,15.96136,1.233927,1,0,0,1,1,"左後中＿2＿1",1,"左後中＿2＿3",0,0,0,0,0,0,1,"",0,0,0,0,0,1,0,0,0,0,1,0,0,"",0,57.29578
Bone,"左後中＿2＿3","",0,0,0.5521886,15.3094,1.574276,1,0,0,1,1,"左後中＿2＿2",1,"左後中＿2＿4",0,0,0,0,0,0,1,"",0,0,0,0,0,1,0,0,0,0,1,0,0,"",0,57.29578
Bone,"左後中＿2＿4","",0,0,0.6461152,14.72374,1.875945,1,0,0,1,1,"左後中＿2＿3",1,"左後中＿2＿5",0,0,0,0,0,0,1,"",0,0,0,0,0,1,0,0,0,0,1,0,0,"",0,57.29578
Bone,"左後中＿2＿5","",0,0,0.7787178,14.10714,2.09253,1,0,0,1,1,"左後中＿2＿4",1,"左後中＿2＿6",0,0,0,0,0,0,1,"",0,0,0,0,0,1,0,0,0,0,1,0,0,"",0,57.29578
Bone,"左後中＿2＿6","",0,0,0.8649095,13.55021,2.216914,1,0,0,1,1,"左後中＿2＿5",1,"左後中＿2＿7",0,0,0,0,0,0,1,"",0,0,0,0,0,1,0,0,0,0,1,0,0,"",0,57.29578
Bone,"左後中＿2＿7","",0,0,0.903585,13.06289,2.302112,1,0,0,1,1,"左後中＿2＿6",1,"左後中＿2＿8",0,0,0,0,0,0,1,"",0,0,0,0,0,1,0,0,0,0,1,0,0,"",0,57.29578
Bone,"左後中＿2＿8","",0,0,0.8339684,12.54463,2.315218,1,0,0,1,1,"左後中＿2＿7",1,"左後中＿2＿先",0,0,0,0,0,0,1,"",0,0,0,0,0,1,0,0,0,0,1,0,0,"",0,57.29578
Bone,"左後中＿2＿先","",0,0,0.4007997,12.00317,2.254972,1,0,0,0,1,"左後中＿2＿8",0,"",0,0,0,0,0,0,1,"",0,0,0,0,0,1,0,0,0,0,1,0,0,"",0,57.29578
Bone,"左後中＿3＿1","",0,0,0.1687454,16.63984,0.9521513,1,0,0,1,1,"頭",1,"左後中＿3＿2",0,0,0,0,0,0,1,"",0,0,0,0,0,1,0,0,0,0,1,0,0,"",0,57.29578
Bone,"左後中＿3＿2","",0,0,0.1881107,15.94647,1.271103,1,0,0,1,1,"左後中＿3＿1",1,"左後中＿3＿3",0,0,0,0,0,0,1,"",0,0,0,0,0,1,0,0,0,0,1,0,0,"",0,57.29578
Bone,"左後中＿3＿3","",0,0,0.2135918,15.30434,1.627838,1,0,0,1,1,"左後中＿3＿2",1,"左後中＿3＿4",0,0,0,0,0,0,1,"",0,0,0,0,0,1,0,0,0,0,1,0,0,"",0,57.29578
Bone,"左後中＿3＿4","",0,0,0.213592,14.72337,1.902015,1,0,0,1,1,"左後中＿3＿3",1,"左後中＿3＿5",0,0,0,0,0,0,1,"",0,0,0,0,0,1,0,0,0,0,1,0,0,"",0,57.29578
Bone,"左後中＿3＿5","",0,0,0.2237843,14.10673,2.08548,1,0,0,1,1,"左後中＿3＿4",1,"左後中＿3＿6",0,0,0,0,0,0,1,"",0,0,0,0,0,1,0,0,0,0,1,0,0,"",0,57.29578
Bone,"左後中＿3＿6","",0,0,0.2390729,13.55023,2.187407,1,0,0,1,1,"左後中＿3＿5",1,"左後中＿3＿7",0,0,0,0,0,0,1,"",0,0,0,0,0,1,0,0,0,0,1,0,0,"",0,57.29578
Bone,"左後中＿3＿7","",0,0,0.2441694,13.07322,2.172121,1,0,0,1,1,"左後中＿3＿6",1,"左後中＿3＿8",0,0,0,0,0,0,1,"",0,0,0,0,0,1,0,0,0,0,1,0,0,"",0,57.29578
Bone,"左後中＿3＿8","",0,0,0.2115536,12.55341,2.131354,1,0,0,1,1,"左後中＿3＿7",1,"左後中＿3＿先",0,0,0,0,0,0,1,"",0,0,0,0,0,1,0,0,0,0,1,0,0,"",0,57.29578
Bone,"左後中＿3＿先","",0,0,0.04032071,11.97855,1.998854,1,0,0,0,1,"左後中＿3＿8",0,"",0,0,0,0,0,0,1,"",0,0,0,0,0,1,0,0,0,0,1,0,0,"",0,57.29578
Bone,"右後上＿1＿1","",0,0,-1.182893,16.61394,0.6368793,1,0,0,1,1,"頭",1,"右後上＿1＿2",0,0,0,0,0,0,1,"",0,0,0,0,0,1,0,0,0,0,1,0,0,"",0,57.29578
Bone,"右後上＿1＿2","",0,0,-1.23853,16.02683,0.7370097,1,0,0,1,1,"右後上＿1＿1",1,"右後上＿1＿3",0,0,0,0,0,0,1,"",0,0,0,0,0,1,0,0,0,0,1,0,0,"",0,57.29578
Bone,"右後上＿1＿3","",0,0,-1.443283,15.3791,1.008962,1,0,0,1,1,"右後上＿1＿2",1,"右後上＿1＿4",0,0,0,0,0,0,1,"",0,0,0,0,0,1,0,0,0,0,1,0,0,"",0,57.29578
Bone,"右後上＿1＿4","",0,0,-1.817568,14.80688,1.388932,1,0,0,1,1,"右後上＿1＿3",1,"右後上＿1＿5",0,0,0,0,0,0,1,"",0,0,0,0,0,1,0,0,0,0,1,0,0,"",0,57.29578
Bone,"右後上＿1＿5","",0,0,-2.228604,14.27201,1.69737,1,0,0,1,1,"右後上＿1＿4",1,"右後上＿1＿6",0,0,0,0,0,0,1,"",0,0,0,0,0,1,0,0,0,0,1,0,0,"",0,57.29578
Bone,"右後上＿1＿6","",0,0,-2.604037,13.62694,1.919618,1,0,0,1,1,"右後上＿1＿5",1,"右後上＿1＿7",0,0,0,0,0,0,1,"",0,0,0,0,0,1,0,0,0,0,1,0,0,"",0,57.29578
Bone,"右後上＿1＿7","",0,0,-2.754102,12.98073,1.948975,1,0,0,1,1,"右後上＿1＿6",1,"右後上＿1＿先",0,0,0,0,0,0,1,"",0,0,0,0,0,1,0,0,0,0,1,0,0,"",0,57.29578
Bone,"右後上＿1＿先","",0,0,-2.561922,12.25124,1.771346,1,0,0,0,1,"右後上＿1＿7",0,"",0,0,0,0,0,0,1,"",0,0,0,0,0,1,0,0,0,0,1,0,0,"",0,57.29578
Bone,"右後上＿2＿1","",0,0,-1.24119,16.22376,0.9992509,1,0,0,1,1,"頭",1,"右後上＿2＿2",0,0,0,0,0,0,1,"",0,0,0,0,0,1,0,0,0,0,1,0,0,"",0,57.29578
Bone,"右後上＿2＿2","",0,0,-1.303934,15.75219,1.219029,1,0,0,1,1,"右後上＿2＿1",1,"右後上＿2＿3",0,0,0,0,0,0,1,"",0,0,0,0,0,1,0,0,0,0,1,0,0,"",0,57.29578
Bone,"右後上＿2＿3","",0,0,-1.452663,15.17036,1.574147,1,0,0,1,1,"右後上＿2＿2",1,"右後上＿2＿4",0,0,0,0,0,0,1,"",0,0,0,0,0,1,0,0,0,0,1,0,0,"",0,57.29578
Bone,"右後上＿2＿4","",0,0,-1.725818,14.63748,1.954616,1,0,0,1,1,"右後上＿2＿3",1,"右後上＿2＿5",0,0,0,0,0,0,1,"",0,0,0,0,0,1,0,0,0,0,1,0,0,"",0,57.29578
Bone,"右後上＿2＿5","",0,0,-2.053854,14.06345,2.282637,1,0,0,1,1,"右後上＿2＿4",1,"右後上＿2＿6",0,0,0,0,0,0,1,"",0,0,0,0,0,1,0,0,0,0,1,0,0,"",0,57.29578
Bone,"右後上＿2＿6","",0,0,-2.29657,13.42293,2.441435,1,0,0,1,1,"右後上＿2＿5",1,"右後上＿2＿7",0,0,0,0,0,0,1,"",0,0,0,0,0,1,0,0,0,0,1,0,0,"",0,57.29578
Bone,"右後上＿2＿7","",0,0,-2.360272,12.77822,2.511714,1,0,0,1,1,"右後上＿2＿6",1,"右後上＿2＿先",0,0,0,0,0,0,1,"",0,0,0,0,0,1,0,0,0,0,1,0,0,"",0,57.29578
Bone,"右後上＿2＿先","",0,0,-1.913214,12.08256,2.318111,1,0,0,0,1,"右後上＿2＿7",0,"",0,0,0,0,0,0,1,"",0,0,0,0,0,1,0,0,0,0,1,0,0,"",0,57.29578
Bone,"右後上＿3＿1","",0,0,-1.090763,16.22866,1.287992,1,0,0,1,1,"頭",1,"右後上＿3＿2",0,0,0,0,0,0,1,"",0,0,0,0,0,1,0,0,0,0,1,0,0,"",0,57.29578
Bone,"右後上＿3＿2","",0,0,-1.149049,15.74186,1.539647,1,0,0,1,1,"右後上＿3＿1",1,"右後上＿3＿3",0,0,0,0,0,0,1,"",0,0,0,0,0,1,0,0,0,0,1,0,0,"",0,57.29578
Bone,"右後上＿3＿3","",0,0,-1.218285,15.23114,1.898201,1,0,0,1,1,"右後上＿3＿2",1,"右後上＿3＿4",0,0,0,0,0,0,1,"",0,0,0,0,0,1,0,0,0,0,1,0,0,"",0,57.29578
Bone,"右後上＿3＿4","",0,0,-1.396612,14.57376,2.291928,1,0,0,1,1,"右後上＿3＿3",1,"右後上＿3＿5",0,0,0,0,0,0,1,"",0,0,0,0,0,1,0,0,0,0,1,0,0,"",0,57.29578
Bone,"右後上＿3＿5","",0,0,-1.606804,14.00418,2.632728,1,0,0,1,1,"右後上＿3＿4",1,"右後上＿3＿6",0,0,0,0,0,0,1,"",0,0,0,0,0,1,0,0,0,0,1,0,0,"",0,57.29578
Bone,"右後上＿3＿6","",0,0,-1.754284,13.479,2.828801,1,0,0,1,1,"右後上＿3＿5",1,"右後上＿3＿7",0,0,0,0,0,0,1,"",0,0,0,0,0,1,0,0,0,0,1,0,0,"",0,57.29578
Bone,"右後上＿3＿7","",0,0,-1.754284,12.76629,2.816324,1,0,0,1,1,"右後上＿3＿6",1,"右後上＿3＿先",0,0,0,0,0,0,1,"",0,0,0,0,0,1,0,0,0,0,1,0,0,"",0,57.29578
Bone,"右後上＿3＿先","",0,0,-1.293149,12.03306,2.396092,1,0,0,0,1,"右後上＿3＿7",0,"",0,0,0,0,0,0,1,"",0,0,0,0,0,1,0,0,0,0,1,0,0,"",0,57.29578
Bone,"右後上＿4＿1","",0,0,-0.8185324,16.25998,1.526088,1,0,0,1,1,"頭",1,"右後上＿4＿2",0,0,0,0,0,0,1,"",0,0,0,0,0,1,0,0,0,0,1,0,0,"",0,57.29578
Bone,"右後上＿4＿2","",0,0,-0.871918,15.80376,1.782209,1,0,0,1,1,"右後上＿4＿1",1,"右後上＿4＿3",0,0,0,0,0,0,1,"",0,0,0,0,0,1,0,0,0,0,1,0,0,"",0,57.29578
Bone,"右後上＿4＿3","",0,0,-0.9673815,15.26256,2.171285,1,0,0,1,1,"右後上＿4＿2",1,"右後上＿4＿4",0,0,0,0,0,0,1,"",0,0,0,0,0,1,0,0,0,0,1,0,0,"",0,57.29578
Bone,"右後上＿4＿4","",0,0,-1.066483,14.63081,2.577124,1,0,0,1,1,"右後上＿4＿3",1,"右後上＿4＿5",0,0,0,0,0,0,1,"",0,0,0,0,0,1,0,0,0,0,1,0,0,"",0,57.29578
Bone,"右後上＿4＿5","",0,0,-1.192872,13.94433,2.912883,1,0,0,1,1,"右後上＿4＿4",1,"右後上＿4＿6",0,0,0,0,0,0,1,"",0,0,0,0,0,1,0,0,0,0,1,0,0,"",0,57.29578
Bone,"右後上＿4＿6","",0,0,-1.288664,13.41544,3.092025,1,0,0,1,1,"右後上＿4＿5",1,"右後上＿4＿7",0,0,0,0,0,0,1,"",0,0,0,0,0,1,0,0,0,0,1,0,0,"",0,57.29578
Bone,"右後上＿4＿7","",0,0,-1.269096,12.7951,3.07529,1,0,0,1,1,"右後上＿4＿6",1,"右後上＿4＿先",0,0,0,0,0,0,1,"",0,0,0,0,0,1,0,0,0,0,1,0,0,"",0,57.29578
Bone,"右後上＿4＿先","",0,0,-0.7713035,12.01663,2.761829,1,0,0,0,1,"右後上＿4＿7",0,"",0,0,0,0,0,0,1,"",0,0,0,0,0,1,0,0,0,0,1,0,0,"",0,57.29578
Bone,"右後上＿5＿1","",0,0,-0.5559852,16.27764,1.681121,1,0,0,1,1,"頭",1,"右後上＿5＿2",0,0,0,0,0,0,1,"",0,0,0,0,0,1,0,0,0,0,1,0,0,"",0,57.29578
Bone,"右後上＿5＿2","",0,0,-0.6136104,15.76578,2.015986,1,0,0,1,1,"右後上＿5＿1",1,"右後上＿5＿3",0,0,0,0,0,0,1,"",0,0,0,0,0,1,0,0,0,0,1,0,0,"",0,57.29578
Bone,"右後上＿5＿3","",0,0,-0.6919984,15.274,2.368559,1,0,0,1,1,"右後上＿5＿2",1,"右後上＿5＿4",0,0,0,0,0,0,1,"",0,0,0,0,0,1,0,0,0,0,1,0,0,"",0,57.29578
Bone,"右後上＿5＿4","",0,0,-0.7907619,14.65162,2.815359,1,0,0,1,1,"右後上＿5＿3",1,"右後上＿5＿5",0,0,0,0,0,0,1,"",0,0,0,0,0,1,0,0,0,0,1,0,0,"",0,57.29578
Bone,"右後上＿5＿5","",0,0,-0.8737156,13.9733,3.126633,1,0,0,1,1,"右後上＿5＿4",1,"右後上＿5＿6",0,0,0,0,0,0,1,"",0,0,0,0,0,1,0,0,0,0,1,0,0,"",0,57.29578
Bone,"右後上＿5＿6","",0,0,-0.893046,13.38621,3.274009,1,0,0,1,1,"右後上＿5＿5",1,"右後上＿5＿7",0,0,0,0,0,0,1,"",0,0,0,0,0,1,0,0,0,0,1,0,0,"",0,57.29578
Bone,"右後上＿5＿7","",0,0,-0.8632364,12.80097,3.220515,1,0,0,1,1,"右後上＿5＿6",1,"右後上＿5＿先",0,0,0,0,0,0,1,"",0,0,0,0,0,1,0,0,0,0,1,0,0,"",0,57.29578
Bone,"右後上＿5＿先","",0,0,-0.4533198,11.98679,2.859998,1,0,0,0,1,"右後上＿5＿7",0,"",0,0,0,0,0,0,1,"",0,0,0,0,0,1,0,0,0,0,1,0,0,"",0,57.29578
Bone,"右後上＿6＿1","",0,0,-0.2971157,16.29794,1.681122,1,0,0,1,1,"頭",1,"右後上＿6＿2",0,0,0,0,0,0,1,"",0,0,0,0,0,1,0,0,0,0,1,0,0,"",0,57.29578
Bone,"右後上＿6＿2","",0,0,-0.3383723,15.80757,2.127595,1,0,0,1,1,"右後上＿6＿1",1,"右後上＿6＿3",0,0,0,0,0,0,1,"",0,0,0,0,0,1,0,0,0,0,1,0,0,"",0,57.29578
Bone,"右後上＿6＿3","",0,0,-0.4089601,15.2705,2.585718,1,0,0,1,1,"右後上＿6＿2",1,"右後上＿6＿4",0,0,0,0,0,0,1,"",0,0,0,0,0,1,0,0,0,0,1,0,0,"",0,57.29578
Bone,"右後上＿6＿4","",0,0,-0.447147,14.65864,2.943404,1,0,0,1,1,"右後上＿6＿3",1,"右後上＿6＿5",0,0,0,0,0,0,1,"",0,0,0,0,0,1,0,0,0,0,1,0,0,"",0,57.29578
Bone,"右後上＿6＿5","",0,0,-0.4811393,13.95161,3.285057,1,0,0,1,1,"右後上＿6＿4",1,"右後上＿6＿6",0,0,0,0,0,0,1,"",0,0,0,0,0,1,0,0,0,0,1,0,0,"",0,57.29578
Bone,"右後上＿6＿6","",0,0,-0.4811393,13.37374,3.416533,1,0,0,1,1,"右後上＿6＿5",1,"右後上＿6＿7",0,0,0,0,0,0,1,"",0,0,0,0,0,1,0,0,0,0,1,0,0,"",0,57.29578
Bone,"右後上＿6＿7","",0,0,-0.453946,12.80268,3.332485,1,0,0,1,1,"右後上＿6＿6",1,"右後上＿6＿先",0,0,0,0,0,0,1,"",0,0,0,0,0,1,0,0,0,0,1,0,0,"",0,57.29578
Bone,"右後上＿6＿先","",0,0,-0.1956069,12.02086,2.943404,1,0,0,0,1,"右後上＿6＿7",0,"",0,0,0,0,0,0,1,"",0,0,0,0,0,1,0,0,0,0,1,0,0,"",0,57.29578
Bone,"右後上＿7＿1","",0,0,-0.07956685,16.38405,1.780757,1,0,0,1,1,"頭",1,"右後上＿7＿2",0,0,0,0,0,0,1,"",0,0,0,0,0,1,0,0,0,0,1,0,0,"",0,57.29578
Bone,"右後上＿7＿2","",0,0,-0.1158252,15.81073,2.249201,1,0,0,1,1,"右後上＿7＿1",1,"右後上＿7＿3",0,0,0,0,0,0,1,"",0,0,0,0,0,1,0,0,0,0,1,0,0,"",0,57.29578
Bone,"右後上＿7＿3","",0,0,-0.1339544,15.25552,2.657106,1,0,0,1,1,"右後上＿7＿2",1,"右後上＿7＿4",0,0,0,0,0,0,1,"",0,0,0,0,0,1,0,0,0,0,1,0,0,"",0,57.29578
Bone,"右後上＿7＿4","",0,0,-0.1339544,14.655,3.019687,1,0,0,1,1,"右後上＿7＿3",1,"右後上＿7＿5",0,0,0,0,0,0,1,"",0,0,0,0,0,1,0,0,0,0,1,0,0,"",0,57.29578
Bone,"右後上＿7＿5","",0,0,-0.1339544,13.96382,3.370938,1,0,0,1,1,"右後上＿7＿4",1,"右後上＿7＿6",0,0,0,0,0,0,1,"",0,0,0,0,0,1,0,0,0,0,1,0,0,"",0,57.29578
Bone,"右後上＿7＿6","",0,0,-0.1339544,13.37463,3.455918,1,0,0,1,1,"右後上＿7＿5",1,"右後上＿7＿7",0,0,0,0,0,0,1,"",0,0,0,0,0,1,0,0,0,0,1,0,0,"",0,57.29578
Bone,"右後上＿7＿7","",0,0,-0.1339544,12.79676,3.376603,1,0,0,1,1,"右後上＿7＿6",1,"右後上＿7＿先",0,0,0,0,0,0,1,"",0,0,0,0,0,1,0,0,0,0,1,0,0,"",0,57.29578
Bone,"右後上＿7＿先","",0,0,-0.09996201,11.96962,2.923376,1,0,0,0,1,"右後上＿7＿7",0,"",0,0,0,0,0,0,1,"",0,0,0,0,0,1,0,0,0,0,1,0,0,"",0,57.29578
Bone,"右後下＿1＿1","",0,0,-0.9662877,16.81443,0.6708738,1,0,0,1,1,"頭",1,"右後下＿1＿2",0,0,0,0,0,0,1,"",0,0,0,0,0,1,0,0,0,0,1,0,0,"",0,57.29578
Bone,"右後下＿1＿2","",0,0,-0.9952626,16.11063,0.8350233,1,0,0,1,1,"右後下＿1＿1",1,"右後下＿1＿3",0,0,0,0,0,0,1,"",0,0,0,0,0,1,0,0,0,0,1,0,0,"",0,57.29578
Bone,"右後下＿1＿3","",0,0,-1.136434,15.42471,1.109215,1,0,0,1,1,"右後下＿1＿2",1,"右後下＿1＿4",0,0,0,0,0,0,1,"",0,0,0,0,0,1,0,0,0,0,1,0,0,"",0,57.29578
Bone,"右後下＿1＿4","",0,0,-1.42381,14.89546,1.432808,1,0,0,1,1,"右後下＿1＿3",1,"右後下＿1＿5",0,0,0,0,0,0,1,"",0,0,0,0,0,1,0,0,0,0,1,0,0,"",0,57.29578
Bone,"右後下＿1＿5","",0,0,-1.811774,14.27046,1.838103,1,0,0,1,1,"右後下＿1＿4",1,"右後下＿1＿6",0,0,0,0,0,0,1,"",0,0,0,0,0,1,0,0,0,0,1,0,0,"",0,57.29578
Bone,"右後下＿1＿6","",0,0,-2.071269,13.61661,2.069201,1,0,0,1,1,"右後下＿1＿5",1,"右後下＿1＿7",0,0,0,0,0,0,1,"",0,0,0,0,0,1,0,0,0,0,1,0,0,"",0,57.29578
Bone,"右後下＿1＿7","",0,0,-2.14272,13.04241,2.140064,1,0,0,1,1,"右後下＿1＿6",1,"右後下＿1＿8",0,0,0,0,0,0,1,"",0,0,0,0,0,1,0,0,0,0,1,0,0,"",0,57.29578
Bone,"右後下＿1＿8","",0,0,-2.003548,12.43816,2.066104,1,0,0,1,1,"右後下＿1＿7",1,"右後下＿1＿先",0,0,0,0,0,0,1,"",0,0,0,0,0,1,0,0,0,0,1,0,0,"",0,57.29578
Bone,"右後下＿1＿先","",0,0,-1.56821,11.8736,1.916148,1,0,0,0,1,"右後下＿1＿8",0,"",0,0,0,0,0,0,1,"",0,0,0,0,0,1,0,0,0,0,1,0,0,"",0,57.29578
Bone,"右後下＿2＿1","",0,0,-0.8587695,16.56267,1.097437,1,0,0,1,1,"頭",1,"右後下＿2＿2",0,0,0,0,0,0,1,"",0,0,0,0,0,1,0,0,0,0,1,0,0,"",0,57.29578
Bone,"右後下＿2＿2","",0,0,-0.9237518,16.02726,1.290551,1,0,0,1,1,"右後下＿2＿1",1,"右後下＿2＿3",0,0,0,0,0,0,1,"",0,0,0,0,0,1,0,0,0,0,1,0,0,"",0,57.29578
Bone,"右後下＿2＿3","",0,0,-1.058426,15.43325,1.513439,1,0,0,1,1,"右後下＿2＿2",1,"右後下＿2＿4",0,0,0,0,0,0,1,"",0,0,0,0,0,1,0,0,0,0,1,0,0,"",0,57.29578
Bone,"右後下＿2＿4","",0,0,-1.233018,14.92226,1.802434,1,0,0,1,1,"右後下＿2＿3",1,"右後下＿2＿5",0,0,0,0,0,0,1,"",0,0,0,0,0,1,0,0,0,0,1,0,0,"",0,57.29578
Bone,"右後下＿2＿5","",0,0,-1.495108,14.25452,2.192703,1,0,0,1,1,"右後下＿2＿4",1,"右後下＿2＿6",0,0,0,0,0,0,1,"",0,0,0,0,0,1,0,0,0,0,1,0,0,"",0,57.29578
Bone,"右後下＿2＿6","",0,0,-1.675019,13.62006,2.390272,1,0,0,1,1,"右後下＿2＿5",1,"右後下＿2＿7",0,0,0,0,0,0,1,"",0,0,0,0,0,1,0,0,0,0,1,0,0,"",0,57.29578
Bone,"右後下＿2＿7","",0,0,-1.728983,13.01676,2.486668,1,0,0,1,1,"右後下＿2＿6",1,"右後下＿2＿8",0,0,0,0,0,0,1,"",0,0,0,0,0,1,0,0,0,0,1,0,0,"",0,57.29578
Bone,"右後下＿2＿8","",0,0,-1.579751,12.48426,2.468006,1,0,0,1,1,"右後下＿2＿7",1,"右後下＿2＿先",0,0,0,0,0,0,1,"",0,0,0,0,0,1,0,0,0,0,1,0,0,"",0,57.29578
Bone,"右後下＿2＿先","",0,0,-1.158267,12.01233,2.242146,1,0,0,0,1,"右後下＿2＿8",0,"",0,0,0,0,0,0,1,"",0,0,0,0,0,1,0,0,0,0,1,0,0,"",0,57.29578
Bone,"右後下＿3＿1","",0,0,-0.5969654,16.47973,1.103589,1,0,0,1,1,"頭",1,"右後下＿3＿2",0,0,0,0,0,0,1,"",0,0,0,0,0,1,0,0,0,0,1,0,0,"",0,57.29578
Bone,"右後下＿3＿2","",0,0,-0.6439566,15.95753,1.351059,1,0,0,1,1,"右後下＿3＿1",1,"右後下＿3＿3",0,0,0,0,0,0,1,"",0,0,0,0,0,1,0,0,0,0,1,0,0,"",0,57.29578
Bone,"右後下＿3＿3","",0,0,-0.747121,15.38775,1.619521,1,0,0,1,1,"右後下＿3＿2",1,"右後下＿3＿4",0,0,0,0,0,0,1,"",0,0,0,0,0,1,0,0,0,0,1,0,0,"",0,57.29578
Bone,"右後下＿3＿4","",0,0,-0.8532002,14.79182,1.910948,1,0,0,1,1,"右後下＿3＿3",1,"右後下＿3＿5",0,0,0,0,0,0,1,"",0,0,0,0,0,1,0,0,0,0,1,0,0,"",0,57.29578
Bone,"右後下＿3＿5","",0,0,-0.9458761,14.20255,2.207821,1,0,0,1,1,"右後下＿3＿4",1,"右後下＿3＿6",0,0,0,0,0,0,1,"",0,0,0,0,0,1,0,0,0,0,1,0,0,"",0,57.29578
Bone,"右後下＿3＿6","",0,0,-1.083209,13.56955,2.480357,1,0,0,1,1,"右後下＿3＿5",1,"右後下＿3＿7",0,0,0,0,0,0,1,"",0,0,0,0,0,1,0,0,0,0,1,0,0,"",0,57.29578
Bone,"右後下＿3＿7","",0,0,-1.113214,13.05532,2.572401,1,0,0,1,1,"右後下＿3＿6",1,"右後下＿3＿8",0,0,0,0,0,0,1,"",0,0,0,0,0,1,0,0,0,0,1,0,0,"",0,57.29578
Bone,"右後下＿3＿8","",0,0,-1.047603,12.51346,2.574081,1,0,0,1,1,"右後下＿3＿7",1,"右後下＿3＿先",0,0,0,0,0,0,1,"",0,0,0,0,0,1,0,0,0,0,1,0,0,"",0,57.29578
Bone,"右後下＿3＿先","",0,0,-0.6937192,11.98989,2.306417,1,0,0,0,1,"右後下＿3＿8",0,"",0,0,0,0,0,0,1,"",0,0,0,0,0,1,0,0,0,0,1,0,0,"",0,57.29578
Bone,"右後下＿4＿1","",0,0,-0.3246514,16.59969,1.290538,1,0,0,1,1,"頭",1,"右後下＿4＿2",0,0,0,0,0,0,1,"",0,0,0,0,0,1,0,0,0,0,1,0,0,"",0,57.29578
Bone,"右後下＿4＿2","",0,0,-0.3388714,15.8004,1.633043,1,0,0,1,1,"右後下＿4＿1",1,"右後下＿4＿3",0,0,0,0,0,0,1,"",0,0,0,0,0,1,0,0,0,0,1,0,0,"",0,57.29578
Bone,"右後下＿4＿3","",0,0,-0.4310074,15.2845,1.91428,1,0,0,1,1,"右後下＿4＿2",1,"右後下＿4＿4",0,0,0,0,0,0,1,"",0,0,0,0,0,1,0,0,0,0,1,0,0,"",0,57.29578
Bone,"右後下＿4＿4","",0,0,-0.5085424,14.73251,2.190395,1,0,0,1,1,"右後下＿4＿3",1,"右後下＿4＿5",0,0,0,0,0,0,1,"",0,0,0,0,0,1,0,0,0,0,1,0,0,"",0,57.29578
Bone,"右後下＿4＿5","",0,0,-0.5516534,14.1181,2.475651,1,0,0,1,1,"右後下＿4＿4",1,"右後下＿4＿6",0,0,0,0,0,0,1,"",0,0,0,0,0,1,0,0,0,0,1,0,0,"",0,57.29578
Bone,"右後下＿4＿6","",0,0,-0.6088098,13.58477,2.591262,1,0,0,1,1,"右後下＿4＿5",1,"右後下＿4＿7",0,0,0,0,0,0,1,"",0,0,0,0,0,1,0,0,0,0,1,0,0,"",0,57.29578
Bone,"右後下＿4＿7","",0,0,-0.6190918,13.05893,2.696126,1,0,0,1,1,"右後下＿4＿6",1,"右後下＿4＿8",0,0,0,0,0,0,1,"",0,0,0,0,0,1,0,0,0,0,1,0,0,"",0,57.29578
Bone,"右後下＿4＿8","",0,0,-0.5435851,12.46194,2.680994,1,0,0,1,1,"右後下＿4＿7",1,"右後下＿4＿先",0,0,0,0,0,0,1,"",0,0,0,0,0,1,0,0,0,0,1,0,0,"",0,57.29578
Bone,"右後下＿4＿先","",0,0,-0.2366236,11.94246,2.529165,1,0,0,0,1,"右後下＿4＿8",0,"",0,0,0,0,0,0,1,"",0,0,0,0,0,1,0,0,0,0,1,0,0,"",0,57.29578
Bone,"右後中＿1＿1","",0,0,-0.6394844,16.61774,0.7687178,1,0,0,1,1,"頭",1,"右後中＿1＿2",0,0,0,0,0,0,1,"",0,0,0,0,0,1,0,0,0,0,1,0,0,"",0,57.29578
Bone,"右後中＿1＿2","",0,0,-0.7124159,15.96909,1.023328,1,0,0,1,1,"右後中＿1＿1",1,"右後中＿1＿3",0,0,0,0,0,0,1,"",0,0,0,0,0,1,0,0,0,0,1,0,0,"",0,57.29578
Bone,"右後中＿1＿3","",0,0,-0.8184983,15.31934,1.328314,1,0,0,1,1,"右後中＿1＿2",1,"右後中＿1＿4",0,0,0,0,0,0,1,"",0,0,0,0,0,1,0,0,0,0,1,0,0,"",0,57.29578
Bone,"右後中＿1＿4","",0,0,-0.973201,14.73147,1.622252,1,0,0,1,1,"右後中＿1＿3",1,"右後中＿1＿5",0,0,0,0,0,0,1,"",0,0,0,0,0,1,0,0,0,0,1,0,0,"",0,57.29578
Bone,"右後中＿1＿5","",0,0,-1.16658,14.12812,1.88525,1,0,0,1,1,"右後中＿1＿4",1,"右後中＿1＿6",0,0,0,0,0,0,1,"",0,0,0,0,0,1,0,0,0,0,1,0,0,"",0,57.29578
Bone,"右後中＿1＿6","",0,0,-1.290342,13.56235,2.026694,1,0,0,1,1,"右後中＿1＿5",1,"右後中＿1＿7",0,0,0,0,0,0,1,"",0,0,0,0,0,1,0,0,0,0,1,0,0,"",0,57.29578
Bone,"右後中＿1＿7","",0,0,-1.369904,13.0673,2.088578,1,0,0,1,1,"右後中＿1＿6",1,"右後中＿1＿8",0,0,0,0,0,0,1,"",0,0,0,0,0,1,0,0,0,0,1,0,0,"",0,57.29578
Bone,"右後中＿1＿8","",0,0,-1.254981,12.52805,2.079739,1,0,0,1,1,"右後中＿1＿7",1,"右後中＿1＿先",0,0,0,0,0,0,1,"",0,0,0,0,0,1,0,0,0,0,1,0,0,"",0,57.29578
Bone,"右後中＿1＿先","",0,0,-0.9455753,12.00648,2.026698,1,0,0,0,1,"右後中＿1＿8",0,"",0,0,0,0,0,0,1,"",0,0,0,0,0,1,0,0,0,0,1,0,0,"",0,57.29578
Bone,"右後中＿2＿1","",0,0,-0.4007997,16.62437,0.8792199,1,0,0,1,1,"頭",1,"右後中＿2＿2",0,0,0,0,0,0,1,"",0,0,0,0,0,1,0,0,0,0,1,0,0,"",0,57.29578
Bone,"右後中＿2＿2","",0,0,-0.4582617,15.96136,1.233927,1,0,0,1,1,"右後中＿2＿1",1,"右後中＿2＿3",0,0,0,0,0,0,1,"",0,0,0,0,0,1,0,0,0,0,1,0,0,"",0,57.29578
Bone,"右後中＿2＿3","",0,0,-0.5521886,15.3094,1.574276,1,0,0,1,1,"右後中＿2＿2",1,"右後中＿2＿4",0,0,0,0,0,0,1,"",0,0,0,0,0,1,0,0,0,0,1,0,0,"",0,57.29578
Bone,"右後中＿2＿4","",0,0,-0.6461152,14.72374,1.875945,1,0,0,1,1,"右後中＿2＿3",1,"右後中＿2＿5",0,0,0,0,0,0,1,"",0,0,0,0,0,1,0,0,0,0,1,0,0,"",0,57.29578
Bone,"右後中＿2＿5","",0,0,-0.7787178,14.10714,2.09253,1,0,0,1,1,"右後中＿2＿4",1,"右後中＿2＿6",0,0,0,0,0,0,1,"",0,0,0,0,0,1,0,0,0,0,1,0,0,"",0,57.29578
Bone,"右後中＿2＿6","",0,0,-0.8649095,13.55021,2.216914,1,0,0,1,1,"右後中＿2＿5",1,"右後中＿2＿7",0,0,0,0,0,0,1,"",0,0,0,0,0,1,0,0,0,0,1,0,0,"",0,57.29578
Bone,"右後中＿2＿7","",0,0,-0.903585,13.06289,2.302112,1,0,0,1,1,"右後中＿2＿6",1,"右後中＿2＿8",0,0,0,0,0,0,1,"",0,0,0,0,0,1,0,0,0,0,1,0,0,"",0,57.29578
Bone,"右後中＿2＿8","",0,0,-0.8339684,12.54463,2.315218,1,0,0,1,1,"右後中＿2＿7",1,"右後中＿2＿先",0,0,0,0,0,0,1,"",0,0,0,0,0,1,0,0,0,0,1,0,0,"",0,57.29578
Bone,"右後中＿2＿先","",0,0,-0.4007997,12.00317,2.254972,1,0,0,0,1,"右後中＿2＿8",0,"",0,0,0,0,0,0,1,"",0,0,0,0,0,1,0,0,0,0,1,0,0,"",0,57.29578
Bone,"右後中＿3＿1","",0,0,-0.1687454,16.63984,0.9521513,1,0,0,1,1,"頭",1,"右後中＿3＿2",0,0,0,0,0,0,1,"",0,0,0,0,0,1,0,0,0,0,1,0,0,"",0,57.29578
Bone,"右後中＿3＿2","",0,0,-0.1881107,15.94647,1.271103,1,0,0,1,1,"右後中＿3＿1",1,"右後中＿3＿3",0,0,0,0,0,0,1,"",0,0,0,0,0,1,0,0,0,0,1,0,0,"",0,57.29578
Bone,"右後中＿3＿3","",0,0,-0.2135918,15.30434,1.627838,1,0,0,1,1,"右後中＿3＿2",1,"右後中＿3＿4",0,0,0,0,0,0,1,"",0,0,0,0,0,1,0,0,0,0,1,0,0,"",0,57.29578
Bone,"右後中＿3＿4","",0,0,-0.213592,14.72337,1.902015,1,0,0,1,1,"右後中＿3＿3",1,"右後中＿3＿5",0,0,0,0,0,0,1,"",0,0,0,0,0,1,0,0,0,0,1,0,0,"",0,57.29578
Bone,"右後中＿3＿5","",0,0,-0.2237843,14.10673,2.08548,1,0,0,1,1,"右後中＿3＿4",1,"右後中＿3＿6",0,0,0,0,0,0,1,"",0,0,0,0,0,1,0,0,0,0,1,0,0,"",0,57.29578
Bone,"右後中＿3＿6","",0,0,-0.2390729,13.55023,2.187407,1,0,0,1,1,"右後中＿3＿5",1,"右後中＿3＿7",0,0,0,0,0,0,1,"",0,0,0,0,0,1,0,0,0,0,1,0,0,"",0,57.29578
Bone,"右後中＿3＿7","",0,0,-0.2441694,13.07322,2.172121,1,0,0,1,1,"右後中＿3＿6",1,"右後中＿3＿8",0,0,0,0,0,0,1,"",0,0,0,0,0,1,0,0,0,0,1,0,0,"",0,57.29578
Bone,"右後中＿3＿8","",0,0,-0.2115536,12.55341,2.131354,1,0,0,1,1,"右後中＿3＿7",1,"右後中＿3＿先",0,0,0,0,0,0,1,"",0,0,0,0,0,1,0,0,0,0,1,0,0,"",0,57.29578
Bone,"右後中＿3＿先","",0,0,-0.04032071,11.97855,1.998854,1,0,0,0,1,"右後中＿3＿8",0,"",0,0,0,0,0,0,1,"",0,0,0,0,0,1,0,0,0,0,1,0,0,"",0,57.29578
Bone,"左横髪＿1＿1","",0,0,1.129592,17.3562,-0.4779645,1,0,0,1,1,"頭",1,"左横髪＿1＿2",0,0,0,0,0,0,1,"",0,0,0,0,0,1,0,0,0,0,1,0,0,"",0,57.29578
Bone,"左横髪＿1＿2","",0,0,1.05032,16.66039,-0.4803408,1,0,0,1,1,"左横髪＿1＿1",1,"左横髪＿1先",0,0,0,0,0,0,1,"",0,0,0,0,0,1,0,0,0,0,1,0,0,"",0,57.29578
Bone,"左横髪＿1先","",0,0,0.8803122,16.04546,-0.4803408,1,0,0,0,1,"左横髪＿1＿2",0,"",0,0,0,0,0,0,1,"",0,0,0,0,0,1,0,0,0,0,1,0,0,"",0,57.29578
Bone,"左横髪＿2＿1","",0,0,1.303589,17.28563,-0.06512982,1,0,0,1,1,"頭",1,"左横髪＿2先",0,0,0,0,0,0,1,"",0,0,0,0,0,1,0,0,0,0,1,0,0,"",0,57.29578
Bone,"左横髪＿2先","",0,0,1.337756,16.05311,-0.06512982,1,0,0,0,1,"左横髪＿2＿1",0,"",0,0,0,0,0,0,1,"",0,0,0,0,0,1,0,0,0,0,1,0,0,"",0,57.29578
Bone,"左横髪＿3＿1","",0,0,1.386658,17.14153,0.1236169,1,0,0,1,1,"頭",1,"左横髪＿3先",0,0,0,0,0,0,1,"",0,0,0,0,0,1,0,0,0,0,1,0,0,"",0,57.29578
Bone,"左横髪＿3先","",0,0,1.386658,15.94703,0.1236169,1,0,0,0,1,"左横髪＿3＿1",0,"",0,0,0,0,0,0,1,"",0,0,0,0,0,1,0,0,0,0,1,0,0,"",0,57.29578
Bone,"左横髪＿4＿1","",0,0,1.337756,17.18219,0.2895669,1,0,0,1,1,"頭",1,"左横髪＿4先",0,0,0,0,0,0,1,"",0,0,0,0,0,1,0,0,0,0,1,0,0,"",0,57.29578
Bone,"左横髪＿4先","",0,0,1.18534,16.01301,0.268396,1,0,0,0,1,"左横髪＿4＿1",0,"",0,0,0,0,0,0,1,"",0,0,0,0,0,1,0,0,0,0,1,0,0,"",0,57.29578
Bone,"左内髪＿1","",0,0,1.067539,16.89335,-0.3460461,1,0,0,1,1,"頭",1,"左内髪＿1先",0,0,0,0,0,0,1,"",0,0,0,0,0,1,0,0,0,0,1,0,0,"",0,57.29578
Bone,"左内髪＿1先","",0,0,0.8100991,16.20626,-0.4778478,1,0,0,0,1,"左内髪＿1",0,"",0,0,0,0,0,0,1,"",0,0,0,0,0,1,0,0,0,0,1,0,0,"",0,57.29578
Bone,"左内髪＿2","",0,0,1.112183,16.89335,-0.06512982,1,0,0,1,1,"頭",1,"左内髪＿2先",0,0,0,0,0,0,1,"",0,0,0,0,0,1,0,0,0,0,1,0,0,"",0,57.29578
Bone,"左内髪＿2先","",0,0,0.5745715,15.60027,-0.06512982,1,0,0,0,1,"左内髪＿2",0,"",0,0,0,0,0,0,1,"",0,0,0,0,0,1,0,0,0,0,1,0,0,"",0,57.29578
Bone,"前髪＿1","",0,0,-0.05131778,17.54509,-1.03538,1,0,0,1,1,"頭",1,"前髪＿1先",0,0,0,0,0,0,1,"",0,0,0,0,0,1,0,0,0,0,1,0,0,"",0,57.29578
Bone,"前髪＿1先","",0,0,0.03361349,16.97711,-1.03538,1,0,0,0,1,"前髪＿1",0,"",0,0,0,0,0,0,1,"",0,0,0,0,0,1,0,0,0,0,1,0,0,"",0,57.29578
Bone,"右横髪＿1＿1","",0,0,-0.7212837,17.67735,-0.8425041,1,0,0,1,1,"頭",1,"右横髪＿1先",0,0,0,0,0,0,1,"",0,0,0,0,0,1,0,0,0,0,1,0,0,"",0,57.29578
Bone,"右横髪＿1先","",0,0,-0.7212837,17.1893,-0.8425041,1,0,0,0,1,"右横髪＿1＿1",0,"",0,0,0,0,0,0,1,"",0,0,0,0,0,1,0,0,0,0,1,0,0,"",0,57.29578
Bone,"右横髪＿2＿1","",0,0,-0.8773344,17.46373,-0.6523796,1,0,0,1,1,"頭",1,"右横髪＿2＿2",0,0,0,0,0,0,1,"",0,0,0,0,0,1,0,0,0,0,1,0,0,"",0,57.29578
Bone,"右横髪＿2＿2","",0,0,-0.8773344,16.74983,-0.4950444,1,0,0,1,1,"右横髪＿2＿1",1,"右横髪＿2先",0,0,0,0,0,0,1,"",0,0,0,0,0,1,0,0,0,0,1,0,0,"",0,57.29578
Bone,"右横髪＿2先","",0,0,-0.8773344,16.01403,-0.5565661,1,0,0,0,1,"右横髪＿2＿2",0,"",0,0,0,0,0,0,1,"",0,0,0,0,0,1,0,0,0,0,1,0,0,"",0,57.29578
Bone,"右横髪＿3＿1","",0,0,-1.072411,17.49659,-0.6523796,1,0,0,1,1,"右横髪＿2＿1",1,"右横髪＿3先",0,0,0,0,0,0,1,"",0,0,0,0,0,1,0,0,0,0,1,0,0,"",0,57.29578
Bone,"右横髪＿3先","",0,0,-1.150792,16.12274,-0.6452875,1,0,0,0,1,"右横髪＿3＿1",0,"",0,0,0,0,0,0,1,"",0,0,0,0,0,1,0,0,0,0,1,0,0,"",0,57.29578
Bone,"右横髪＿4＿1","",0,0,-1.154848,17.51539,-0.4420877,1,0,0,1,1,"右横髪＿2＿1",1,"右横髪＿4先",0,0,0,0,0,0,1,"",0,0,0,0,0,1,0,0,0,0,1,0,0,"",0,57.29578
Bone,"右横髪＿4先","",0,0,-1.397861,16.14597,-0.4633904,1,0,0,0,1,"右横髪＿4＿1",0,"",0,0,0,0,0,0,1,"",0,0,0,0,0,1,0,0,0,0,1,0,0,"",0,57.29578
Bone,"右横髪＿5＿1","",0,0,-1.24491,17.1896,-0.1100524,1,0,0,1,1,"頭",1,"右横髪＿5先",0,0,0,0,0,0,1,"",0,0,0,0,0,1,0,0,0,0,1,0,0,"",0,57.29578
Bone,"右横髪＿5先","",0,0,-1.1629,16.10505,-0.1824757,1,0,0,0,1,"右横髪＿5＿1",0,"",0,0,0,0,0,0,1,"",0,0,0,0,0,1,0,0,0,0,1,0,0,"",0,57.29578
Bone,"右横髪＿6＿1","",0,0,-1.336998,17.14689,0.09552231,1,0,0,1,1,"頭",1,"右横髪＿6先",0,0,0,0,0,0,1,"",0,0,0,0,0,1,0,0,0,0,1,0,0,"",0,57.29578
Bone,"右横髪＿6先","",0,0,-1.336997,16.0307,0.09552235,1,0,0,0,1,"右横髪＿6＿1",0,"",0,0,0,0,0,0,1,"",0,0,0,0,0,1,0,0,0,0,1,0,0,"",0,57.29578
Bone,"右横髪＿7＿1","",0,0,-1.336998,17.21885,0.3389445,1,0,0,1,1,"頭",1,"右横髪＿7先",0,0,0,0,0,0,1,"",0,0,0,0,0,1,0,0,0,0,1,0,0,"",0,57.29578
Bone,"右横髪＿7先","",0,0,-1.336998,16.30459,0.3389445,1,0,0,0,1,"右横髪＿7＿1",0,"",0,0,0,0,0,0,1,"",0,0,0,0,0,1,0,0,0,0,1,0,0,"",0,57.29578
Bone,"右内髪＿1","",0,0,-0.9829185,16.89335,-0.3460461,1,0,0,1,1,"頭",1,"右内髪＿1先",0,0,0,0,0,0,1,"",0,0,0,0,0,1,0,0,0,0,1,0,0,"",0,57.29578
Bone,"右内髪＿1先","",0,0,-0.8100991,16.20626,-0.4778478,1,0,0,0,1,"右内髪＿1",0,"",0,0,0,0,0,0,1,"",0,0,0,0,0,1,0,0,0,0,1,0,0,"",0,57.29578
Bone,"右内髪＿2","",0,0,-1.112183,16.89335,-0.06512982,1,0,0,1,1,"頭",1,"右内髪＿2先",0,0,0,0,0,0,1,"",0,0,0,0,0,1,0,0,0,0,1,0,0,"",0,57.29578
Bone,"右内髪＿2先","",0,0,-0.5745715,15.60027,-0.06512982,1,0,0,0,1,"右内髪＿2",0,"",0,0,0,0,0,0,1,"",0,0,0,0,0,1,0,0,0,0,1,0,0,"",0,57.29578
Bone,"左襟＿1＿1","",0,0,0.7505617,14.95643,1.078684,1,0,0,1,1,"上半身2",1,"左襟＿1＿2",0,0,0,0,0,0,1,"",0,0,0,0,0,1,0,0,0,0,1,0,0,"",0,57.29578
Bone,"左襟＿1＿2","",0,0,0.7505617,14.27021,1.110771,1,0,0,1,1,"左襟＿1＿1",1,"左襟＿1＿先",0,0,0,0,0,0,1,"",0,0,0,0,0,1,0,0,0,0,1,0,0,"",0,57.29578
Bone,"左襟＿1＿先","",0,0,0.7505617,13.59862,1.187287,1,0,0,0,1,"左襟＿1＿2",0,"",0,0,0,0,0,0,1,"",0,0,0,0,0,1,0,0,0,0,1,0,0,"",0,57.29578
Bone,"襟＿1＿1","",0,0,0,14.9695,1.078684,1,0,0,1,1,"上半身2",1,"襟＿1＿2",0,0,0,0,0,0,1,"",0,0,0,0,0,1,0,0,0,0,1,0,0,"",0,57.29578
Bone,"襟＿1＿2","",0,0,0.002082759,14.29062,1.135415,1,0,0,1,1,"襟＿1＿1",1,"襟＿1先",0,0,0,0,0,0,1,"",0,0,0,0,0,1,0,0,0,0,1,0,0,"",0,57.29578
Bone,"襟＿1先","",0,0,0,13.5495,1.159755,1,0,0,0,1,"襟＿1＿2",0,"",0,0,0,0,0,0,1,"",0,0,0,0,0,1,0,0,0,0,1,0,0,"",0,57.29578
Bone,"右襟＿1＿1","",0,0,-0.7505617,14.95643,1.078684,1,0,0,1,1,"上半身2",1,"右襟＿1＿2",0,0,0,0,0,0,1,"",0,0,0,0,0,1,0,0,0,0,1,0,0,"",0,57.29578
Bone,"右襟＿1＿2","",0,0,-0.7505617,14.27021,1.110771,1,0,0,1,1,"右襟＿1＿1",1,"右襟＿1＿先",0,0,0,0,0,0,1,"",0,0,0,0,0,1,0,0,0,0,1,0,0,"",0,57.29578
Bone,"右襟＿1＿先","",0,0,-0.7505617,13.59862,1.187287,1,0,0,0,1,"右襟＿1＿2",0,"",0,0,0,0,0,0,1,"",0,0,0,0,0,1,0,0,0,0,1,0,0,"",0,57.29578
Bone,"青ざめ","center",0,0,0.0007422109,17.39059,-0.5671334,1,1,0,1,1,"頭",0,"",0,0,0,0,0,0,1,"",0,0,0,0,0,1,0,0,0,0,1,0,0,"",0,57.29578
Bone,"照れ","center",0,0,-7.947278E-09,16.29081,-0.5733427,1,1,0,1,1,"頭",0,"",0,0,0,0,0,0,1,"",0,0,0,0,0,1,0,0,0,0,1,0,0,"",0,57.29578
Bone,"照れ2","center",0,0,-7.947278E-09,16.29081,-0.5733427,1,1,0,1,1,"頭",0,"",0,0,0,0,0,0,1,"",0,0,0,0,0,1,0,0,0,0,1,0,0,"",0,57.29578
Bone,"涙","center",0,0,7.450581E-09,16.49774,-0.4748535,1,1,0,1,1,"頭",0,"",0,0,0,0,0,0,1,"",0,0,0,0,0,1,0,0,0,0,1,0,0,"",0,57.29578
Bone,"ムカッ","center",0,0,-0.8837593,17.75127,-0.8864174,1,1,0,1,1,"頭",0,"",0,0,0,0,0,0,1,"",0,0,0,0,0,1,0,0,0,0,1,0,0,"",0,57.29578
Bone,"汗","center",0,0,-0.8837593,17.90308,-0.8864174,1,1,0,1,1,"頭",0,"",0,0,0,0,0,0,1,"",0,0,0,0,0,1,0,0,0,0,1,0,0,"",0,57.29578
